,name,pinyin
0,北京,beijing
2,北京,dongcheng
3,北京,xicheng
4,北京,chaoyang
5,北京,fengtai
6,北京,shijingshan
7,北京,haidian
8,北京,mentougou
9,北京,fangshan
10,北京,tongzhou
11,北京,shunyi
12,北京,changping
13,北京,daxing
14,北京,huairou
15,北京,pinggu
16,北京,miyun
17,北京,yanqing
18,天津,tianjin
20,和平,heping
21,河东,hedong
22,河西,hexi
23,南开,nankai
24,河北,hebei
25,红桥,hongqiao
26,东丽,dongli
27,西青,xiqing
28,津南,jinnan
29,北辰,beichen
30,武清,wuqing
31,宝坻,baodi
32,滨海新区,binhaixinqu
33,宁河,ninghe
34,静海,jinghai
35,蓟州,jizhou
37,石家庄,shijiazhuang
38,长安,changan
39,桥西,qiaoxi
40,新华,xinhua
41,井陉矿区,jingxingkuangqu
42,裕华,yuhua
43,藁城,gaocheng
44,鹿泉,luquan
45,栾城,luancheng
46,井陉,jingxing
47,正定,zhengding
48,行唐,xingtang
49,灵寿,lingshou
50,高邑,gaoyi
51,深泽,shenze
52,赞皇,zanhuang
53,无极,wuji
54,平山,pingshan
55,元氏,yuanshi
56,赵县,zhaoxian
57,辛集,xinji
58,晋州,jinzhou
59,新乐,xinle
60,唐山,tangshan
61,路南,lunan
62,路北,lubei
63,古冶,guye
64,开平,kaiping
65,丰南,fengnan
66,丰润,fengrun
67,曹妃甸,caofeidian
68,滦南,luannan
69,乐亭,laoting
70,迁西,qianxi
71,玉田,yutian
72,遵化,zunhua
73,迁安,qianan
74,滦州,luanzhou
75,秦皇岛,qinhuangdao
76,海港,haigang
77,山海关,shanhaiguan
78,北戴河,beidaihe
79,抚宁,funing
80,青龙,qinglong
81,昌黎,changli
82,卢龙,lulong
83,邯郸,handan
84,邯山,hanshan
85,丛台,congtai
86,复兴,fuxing
87,峰峰矿区,fengfengkuangqu
88,肥乡,feixiang
89,永年,yongnian
90,临漳,linzhang
91,成安,chengan
92,大名,daming
93,涉县,shexian
94,磁县,cixian
95,邱县,qiuxian
96,鸡泽,jize
97,广平,guangping
98,馆陶,guantao
99,魏县,weixian
100,曲周,quzhou
101,武安,wuan
102,邢台,xingtai
103,襄都,xiangdu
104,信都,xindu
105,任泽,renze
106,南和,nanhe
107,临城,lincheng
108,内丘,neiqiu
109,柏乡,baixiang
110,隆尧,longyao
111,宁晋,ningjin
112,巨鹿,julu
113,新河,xinhe
114,广宗,guangzong
115,平乡,pingxiang
116,威县,weixian
117,清河,qinghe
118,临西,linxi
119,南宫,nangong
120,沙河,shahe
121,保定,baoding
122,竞秀,jingxiu
123,莲池,lianchi
124,满城,mancheng
125,清苑,qingyuan
126,徐水,xushui
127,涞水,laishui
128,阜平,fuping
129,定兴,dingxing
130,唐县,tangxian
131,高阳,gaoyang
132,容城,rongcheng
133,涞源,laiyuan
134,望都,wangdu
135,安新,anxin
136,易县,yixian
137,曲阳,quyang
138,蠡县,lixian
139,顺平,shunping
140,博野,boye
141,雄县,xiongxian
142,涿州,zhuozhou
143,定州,dingzhou
144,安国,anguo
145,高碑店,gaobeidian
146,张家口,zhangjiakou
147,桥东,qiaodong
149,宣化,xuanhua
150,下花园,xiahuayuan
151,万全,wanquan
152,崇礼,chongli
153,张北,zhangbei
154,康保,kangbao
155,沽源,guyuan
156,尚义,shangyi
157,蔚县,yuxian
158,阳原,yangyuan
159,怀安,huaian
160,怀来,huailai
161,涿鹿,zhuolu
162,赤城,chicheng
163,承德,chengde
164,双桥,shuangqiao
165,双滦,shuangluan
166,鹰手营子矿区,yingshouyingzikuangqu
167,承德县,chengdexian
168,兴隆,xinglong
169,滦平,luanping
170,隆化,longhua
171,丰宁,fengning
172,宽城,kuancheng
173,围场,weichang
174,平泉,pingquan
175,沧州,cangzhou
177,运河,yunhe
178,沧县,cangxian
179,青县,qingxian
180,东光,dongguang
181,海兴,haixing
182,盐山,yanshan
183,肃宁,suning
184,南皮,nanpi
185,吴桥,wuqiao
186,献县,xianxian
187,孟村,mengcun
188,泊头,botou
189,任丘,renqiu
190,黄骅,huanghua
191,河间,hejian
192,廊坊,langfang
193,安次,anci
194,广阳,guangyang
195,固安,guan
196,永清,yongqing
197,香河,xianghe
198,大城,dacheng
199,文安,wenan
200,大厂,dachang
201,霸州,bazhou
202,三河,sanhe
203,衡水,hengshui
204,桃城,taocheng
205,冀州,jizhou
206,枣强,zaoqiang
207,武邑,wuyi
208,武强,wuqiang
209,饶阳,raoyang
210,安平,anping
211,故城,gucheng
212,景县,jingxian
213,阜城,fucheng
214,深州,shenzhou
215,山西,shanxi
216,太原,taiyuan
217,小店,xiaodian
218,迎泽,yingze
219,杏花岭,xinghualing
220,尖草坪,jiancaoping
221,万柏林,wanbailin
222,晋源,jinyuan
223,清徐,qingxu
224,阳曲,yangqu
225,娄烦,loufan
226,古交,gujiao
227,大同,datong
228,新荣,xinrong
229,平城,pingcheng
230,云冈,yungang
231,云州,yunzhou
232,阳高,yanggao
233,天镇,tianzhen
234,广灵,guangling
235,灵丘,lingqiu
236,浑源,hunyuan
237,左云,zuoyun
238,阳泉,yangquan
239,城区,chengqu
240,矿区,kuangqu
241,郊区,jiaoqu
242,平定,pingding
243,盂县,yuxian
244,长治,changzhi
245,潞州,luzhou
246,上党,shangdang
247,屯留,tunliu
248,潞城,lucheng
249,襄垣,xiangyuan
250,平顺,pingshun
251,黎城,licheng
252,壶关,huguan
253,长子,zhangzi
254,武乡,wuxiang
255,沁县,qinxian
256,沁源,qinyuan
257,晋城,jincheng
259,沁水,qinshui
260,阳城,yangcheng
261,陵川,lingchuan
262,泽州,zezhou
263,高平,gaoping
264,朔州,shuozhou
265,朔城,shuocheng
266,平鲁,pinglu
267,山阴,shanyin
268,应县,yingxian
269,右玉,youyu
270,怀仁,huairen
271,晋中,jinzhong
272,榆次,yuci
273,太谷,taigu
274,榆社,yushe
275,左权,zuoquan
276,和顺,heshun
277,昔阳,xiyang
278,寿阳,shouyang
279,祁县,qixian
280,平遥,pingyao
281,灵石,lingshi
282,介休,jiexiu
283,运城,yuncheng
284,盐湖,yanhu
285,临猗,linyi
286,万荣,wanrong
287,闻喜,wenxi
288,稷山,jishan
289,新绛,xinjiang
290,绛县,jiangxian
291,垣曲,yuanqu
292,夏县,xiaxian
293,平陆,pinglu
294,芮城,ruicheng
295,永济,yongji
296,河津,hejin
297,忻州,xinzhou
298,忻府,xinfu
299,定襄,dingxiang
300,五台,wutai
301,代县,daixian
302,繁峙,fanshi
303,宁武,ningwu
304,静乐,jingle
305,神池,shenchi
306,五寨,wuzhai
307,岢岚,kelan
308,河曲,hequ
309,保德,baode
310,偏关,pianguan
311,原平,yuanping
312,临汾,linfen
313,尧都,yaodu
314,曲沃,quwo
315,翼城,yicheng
316,襄汾,xiangfen
317,洪洞,hongtong
318,古县,guxian
319,安泽,anze
320,浮山,fushan
321,吉县,jixian
322,乡宁,xiangning
323,大宁,daning
324,隰县,xixian
325,永和,yonghe
326,蒲县,puxian
327,汾西,fenxi
328,侯马,houma
329,霍州,huozhou
330,吕梁,lvliang
331,离石,lishi
332,文水,wenshui
333,交城,jiaocheng
334,兴县,xingxian
335,临县,linxian
336,柳林,liulin
337,石楼,shilou
338,岚县,lanxian
339,方山,fangshan
340,中阳,zhongyang
341,交口,jiaokou
342,孝义,xiaoyi
343,汾阳,fenyang
344,内蒙古,neimenggu
345,呼和浩特,huhehaote
346,新城,xincheng
347,回民,huimin
348,玉泉,yuquan
349,赛罕,saihan
350,土默特左旗,tumotezuoqi
351,托克托,tuoketuo
352,和林格尔,helingeer
353,清水河,qingshuihe
354,武川,wuchuan
355,包头,baotou
356,东河,donghe
357,昆都仑,kundulun
358,青山,qingshan
359,石拐,shiguai
360,白云鄂博矿区,baiyunebokuangqu
361,九原,jiuyuan
362,土默特右旗,tumoteyouqi
363,固阳,guyang
364,达尔罕茂明安联合旗,daerhanmaominganlianheqi
365,乌海,wuhai
366,海勃湾,haibowan
367,海南,hainan
368,乌达,wuda
369,赤峰,chifeng
370,红山,hongshan
371,元宝山,yuanbaoshan
372,松山,songshan
373,阿鲁科尔沁旗,alukeerqinqi
374,巴林左旗,balinzuoqi
375,巴林右旗,balinyouqi
376,林西,linxi
377,克什克腾旗,keshiketengqi
378,翁牛特旗,wengniuteqi
379,喀喇沁旗,kalaqinqi
380,宁城,ningcheng
381,敖汉旗,aohanqi
382,通辽,tongliao
383,科尔沁,keerqin
384,科尔沁左翼中旗,keerqinzuoyizhongqi
385,科尔沁左翼后旗,keerqinzuoyihouqi
386,开鲁,kailu
387,库伦旗,kulunqi
388,奈曼旗,naimanqi
389,扎鲁特旗,zhaluteqi
390,霍林郭勒,huolinguole
391,鄂尔多斯,eerduosi
392,东胜,dongsheng
393,康巴什,kangbashi
394,达拉特旗,dalateqi
395,准格尔旗,zhungeerqi
396,鄂托克前旗,etuokeqianqi
397,鄂托克旗,etuokeqi
398,杭锦旗,hangjinqi
399,乌审旗,wushenqi
400,伊金霍洛旗,yijinhuoluoqi
401,呼伦贝尔,hulunbeier
402,海拉尔,hailaer
403,扎赉诺尔区,zhalainuoerqu
404,阿荣旗,arongqi
405,莫力达瓦,molidawa
406,鄂伦春自治旗,elunchunzizhiqi
407,鄂温克族自治旗,ewenkezuzizhiqi
408,陈巴尔虎旗,chenbaerhuqi
409,新巴尔虎左旗,xinbaerhuzuoqi
410,新巴尔虎右旗,xinbaerhuyouqi
411,满洲里,manzhouli
412,牙克石,yakeshi
413,扎兰屯,zhalantun
414,额尔古纳,eerguna
415,根河,genhe
416,巴彦淖尔,bayannaoer
417,临河,linhe
418,五原,wuyuan
419,磴口,dengkou
420,乌拉特前旗,wulateqianqi
421,乌拉特中旗,wulatezhongqi
422,乌拉特后旗,wulatehouqi
423,杭锦后旗,hangjinhouqi
424,乌兰察布,wulanchabu
425,集宁,jining
426,卓资,zhuozi
427,化德,huade
428,商都,shangdu
429,兴和,xinghe
430,凉城,liangcheng
431,察哈尔右翼前旗,chahaeryouyiqianqi
432,察哈尔右翼中旗,chahaeryouyizhongqi
433,察哈尔右翼后旗,chahaeryouyihouqi
434,四子王旗,siziwangqi
435,丰镇,fengzhen
436,兴安,xingan
437,乌兰浩特,wulanhaote
438,阿尔山,aershan
439,科尔沁右翼前旗,keerqinyouyiqianqi
440,科尔沁右翼中旗,keerqinyouyizhongqi
441,扎赉特旗,zhalaiteqi
442,突泉,tuquan
443,锡林郭勒,xilinguole
444,二连浩特,erlianhaote
445,锡林浩特,xilinhaote
446,阿巴嘎旗,abagaqi
447,苏尼特左旗,sunitezuoqi
448,苏尼特右旗,suniteyouqi
449,东乌珠穆沁旗,dongwuzhumuqinqi
450,西乌珠穆沁旗,xiwuzhumuqinqi
451,太仆寺旗,taipusiqi
452,镶黄旗,xianghuangqi
453,正镶白旗,zhengxiangbaiqi
454,正蓝旗,zhenglanqi
455,多伦,duolun
456,阿拉善,alashan
457,阿拉善左旗,alashanzuoqi
458,阿拉善右旗,alashanyouqi
459,额济纳旗,ejinaqi
460,辽宁,liaoning
461,沈阳,shenyang
463,沈河,shenhe
464,大东,dadong
465,皇姑,huanggu
466,铁西,tiexi
467,苏家屯,sujiatun
468,浑南,hunnan
469,沈北新区,shenbeixinqu
470,于洪,yuhong
471,辽中,liaozhong
472,康平,kangping
473,法库,faku
474,新民,xinmin
475,大连,dalian
476,中山,zhongshan
477,西岗,xigang
478,沙河口,shahekou
479,甘井子,ganjingzi
480,旅顺口,lvshunkou
481,金州,jinzhou
482,普兰店,pulandian
483,长海,changhai
484,瓦房店,wafangdian
485,庄河,zhuanghe
486,鞍山,anshan
487,铁东,tiedong
489,立山,lishan
490,千山,qianshan
491,台安,taian
492,岫岩,xiuyan
493,海城,haicheng
494,抚顺,fushun
495,新抚,xinfu
496,东洲,dongzhou
497,望花,wanghua
498,顺城,shuncheng
499,抚顺县,fushunxian
500,新宾,xinbin
501,清原,qingyuan
502,本溪,benxi
504,溪湖,xihu
505,明山,mingshan
506,南芬,nanfen
507,本溪满族自治县,benximanzuzizhixian
508,桓仁,huanren
509,丹东,dandong
510,元宝,yuanbao
511,振兴,zhenxing
512,振安,zhenan
513,宽甸,kuandian
514,东港,donggang
515,凤城,fengcheng
516,锦州,jinzhou
517,古塔,guta
518,凌河,linghe
519,太和,taihe
520,黑山,heishan
521,义县,yixian
522,凌海,linghai
523,北镇,beizhen
524,营口,yingkou
525,站前,zhanqian
526,西市,xishi
527,鲅鱼圈,bayuquan
528,老边,laobian
529,盖州,gaizhou
530,大石桥,dashiqiao
531,阜新,fuxin
532,海州,haizhou
533,新邱,xinqiu
534,太平,taiping
535,清河门,qinghemen
536,细河,xihe
537,阜新蒙古族自治县,fuxinmengguzuzizhixian
538,彰武,zhangwu
539,辽阳,liaoyang
540,白塔,baita
541,文圣,wensheng
542,宏伟,hongwei
543,弓长岭,gongchangling
544,太子河,taizihe
545,辽阳县,liaoyangxian
546,灯塔,dengta
547,盘锦,panjin
548,双台子,shuangtaizi
549,兴隆台,xinglongtai
550,大洼,dawa
551,盘山,panshan
552,铁岭,tieling
553,银州,yinzhou
555,铁岭县,tielingxian
556,西丰,xifeng
557,昌图,changtu
558,调兵山,diaobingshan
559,开原,kaiyuan
561,双塔,shuangta
562,龙城,longcheng
563,朝阳县,chaoyangxian
564,建平,jianping
565,喀喇沁左翼,kalaqinzuoyi
566,北票,beipiao
567,凌源,lingyuan
568,葫芦岛,huludao
569,连山,lianshan
570,龙港,longgang
571,南票,nanpiao
572,绥中,suizhong
573,建昌,jianchang
574,兴城,xingcheng
575,吉林,jilin
576,长春,changchun
577,南关,nanguan
580,二道,erdao
581,绿园,lvyuan
582,双阳,shuangyang
583,九台,jiutai
584,农安,nongan
585,榆树,yushu
586,德惠,dehui
587,公主岭,gongzhuling
588,吉林市,jilinshi
589,昌邑,changyi
590,龙潭,longtan
591,船营,chuanying
592,丰满,fengman
593,永吉,yongji
594,蛟河,jiaohe
595,桦甸,huadian
596,舒兰,shulan
597,磐石,panshi
598,四平,siping
601,梨树,lishu
602,伊通,yitong
603,双辽,shuangliao
604,辽源,liaoyuan
605,龙山,longshan
606,西安,xian
607,东丰,dongfeng
608,东辽,dongliao
609,通化,tonghua
610,东昌,dongchang
611,二道江,erdaojiang
612,通化县,tonghuaxian
613,辉南,huinan
614,柳河,liuhe
615,梅河口,meihekou
616,集安,jian
617,白山,baishan
618,浑江,hunjiang
619,江源,jiangyuan
620,抚松,fusong
621,靖宇,jingyu
622,长白,changbai
623,临江,linjiang
624,松原,songyuan
625,宁江,ningjiang
626,前郭尔罗斯,qianguoerluosi
627,长岭,changling
628,乾安,qianan
629,扶余,fuyu
630,白城,baicheng
631,洮北,taobei
632,镇赉,zhenlai
633,通榆,tongyu
634,洮南,taonan
635,大安,daan
636,延边,yanbian
637,延吉,yanji
638,图们,tumen
639,敦化,dunhua
640,珲春,hunchun
641,龙井,longjing
642,和龙,helong
643,汪清,wangqing
644,安图,antu
645,黑龙江,heilongjiang
646,哈尔滨,haerbin
647,道里,daoli
648,南岗,nangang
649,道外,daowai
650,平房,pingfang
651,松北,songbei
652,香坊,xiangfang
653,呼兰,hulan
654,阿城,acheng
655,双城,shuangcheng
656,依兰,yilan
657,方正,fangzheng
658,宾县,binxian
659,巴彦,bayan
660,木兰,mulan
661,通河,tonghe
662,延寿,yanshou
663,尚志,shangzhi
664,五常,wuchang
665,齐齐哈尔,qiqihaer
666,龙沙,longsha
667,建华,jianhua
668,铁锋,tiefeng
669,昂昂溪,angangxi
670,富拉尔基区,fulaerjiqu
671,碾子山,nianzishan
672,梅里斯,meilisi
673,龙江,longjiang
674,依安,yian
675,泰来,tailai
676,甘南,gannan
677,富裕,fuyu
678,克山,keshan
679,克东,kedong
680,拜泉,baiquan
681,讷河,nehe
682,鸡西,jixi
683,鸡冠,jiguan
684,恒山,hengshan
685,滴道,didao
687,城子河,chengzihe
688,麻山,mashan
689,鸡东,jidong
690,虎林,hulin
691,密山,mishan
692,鹤岗,hegang
693,向阳,xiangyang
694,工农,gongnong
695,鹤岗,nanshan
697,东山,dongshan
698,兴山,xingshan
699,萝北,luobei
700,绥滨,suibin
701,双鸭山,shuangyashan
702,尖山,jianshan
703,岭东,lingdong
704,四方台,sifangtai
705,宝山,baoshan
706,集贤,jixian
707,友谊,youyi
708,宝清,baoqing
709,饶河,raohe
710,大庆,daqing
711,萨尔图,saertu
712,龙凤,longfeng
713,让胡路,ranghulu
714,红岗,honggang
716,肇州,zhaozhou
717,肇源,zhaoyuan
718,林甸,lindian
719,杜尔伯特,duerbote
720,伊春,yichun
721,伊美,yimei
722,乌翠,wucui
723,友好,youhao
724,嘉荫,jiayin
725,汤旺,tangwang
726,丰林,fenglin
727,大箐山,daqingshan
728,南岔,nancha
729,金林,jinlin
730,铁力,tieli
731,佳木斯,jiamusi
733,前进,qianjin
734,东风,dongfeng
736,桦南,huanan
737,桦川,huachuan
738,汤原,tangyuan
739,同江,tongjiang
740,富锦,fujin
741,抚远,fuyuan
742,七台河,qitaihe
743,新兴,xinxing
744,桃山,taoshan
745,茄子河,qiezihe
746,勃利,boli
747,牡丹江,mudanjiang
748,东安,dongan
749,阳明,yangming
750,爱民,aimin
752,林口,linkou
753,绥芬河,suifenhe
754,海林,hailin
755,宁安,ningan
756,穆棱,muling
757,东宁,dongning
758,黑河,heihe
759,爱辉,aihui
760,逊克,xunke
761,孙吴,sunwu
762,北安,beian
763,五大连池,wudalianchi
764,嫩江,nenjiang
765,绥化,suihua
766,北林,beilin
767,望奎,wangkui
768,兰西,lanxi
769,青冈,qinggang
770,庆安,qingan
771,明水,mingshui
772,绥棱,suiling
773,安达,anda
774,肇东,zhaodong
775,海伦,hailun
776,大兴安岭,daxinganling
777,漠河,mohe
778,加格达奇区,jiagedaqiqu
779,呼玛,huma
780,塔河,tahe
781,上海,shanghai
783,上海,huangpu
784,上海,xuhui
785,上海,changning
786,上海,jingan
787,上海,putuo
788,上海,hongkou
789,上海,yangpu
790,上海,minhang
792,上海,jiading
793,上海,pudongxinqu
794,上海,jinshan
795,上海,songjiang
796,上海,qingpu
797,上海,fengxian
798,上海,chongming
799,江苏,jiangsu
800,南京,nanjing
801,玄武,xuanwu
802,秦淮,qinhuai
803,建邺,jianye
804,鼓楼,gulou
805,浦口,pukou
806,栖霞,qixia
807,雨花台,yuhuatai
808,江宁,jiangning
809,六合,luhe
810,溧水,lishui
811,高淳,gaochun
812,无锡,wuxi
813,锡山,xishan
814,惠山,huishan
815,滨湖,binhu
816,梁溪,liangxi
817,新吴,xinwu
818,江阴,jiangyin
819,宜兴,yixing
820,徐州,xuzhou
822,云龙,yunlong
823,贾汪,jiawang
824,泉山,quanshan
825,铜山,tongshan
826,丰县,fengxian
827,沛县,peixian
828,睢宁,suining
829,新沂,xinyi
830,邳州,pizhou
831,常州,changzhou
832,天宁,tianning
833,钟楼,zhonglou
834,新北,xinbei
835,武进,wujin
836,金坛,jintan
837,溧阳,liyang
838,苏州,suzhou
839,苏州,huqiu
840,苏州,wuzhong
841,苏州,xiangcheng
842,苏州,gusu
843,苏州,wujiang
844,苏州,changshu
845,张家港,zhangjiagang
847,太仓,taicang
848,南通,nantong
850,崇川,chongchuan
851,海门,haimen
852,如东,rudong
853,启东,qidong
854,如皋,rugao
855,海安,haian
856,连云港,lianyungang
857,连云,lianyun
859,赣榆,ganyu
860,东海,donghai
861,灌云,guanyun
862,灌南,guannan
863,淮安,huaian
864,淮安区,huaianqu
865,淮阴,huaiyin
866,清江浦,qingjiangpu
867,洪泽,hongze
868,涟水,lianshui
869,盱眙,xuyi
870,金湖,jinhu
871,盐城,yancheng
872,亭湖,tinghu
873,盐都,yandu
874,大丰,dafeng
875,响水,xiangshui
876,滨海,binhai
877,阜宁,funing
878,射阳,sheyang
879,建湖,jianhu
880,东台,dongtai
881,扬州,yangzhou
882,广陵,guangling
883,邗江,hanjiang
884,江都,jiangdu
885,宝应,baoying
886,仪征,yizheng
887,高邮,gaoyou
888,镇江,zhenjiang
889,京口,jingkou
890,润州,runzhou
891,丹徒,dantu
892,丹阳,danyang
893,扬中,yangzhong
894,句容,jurong
895,泰州,taizhou
896,海陵,hailing
897,高港,gaogang
898,姜堰,jiangyan
899,兴化,xinghua
900,靖江,jingjiang
901,泰兴,taixing
902,宿迁,suqian
903,宿城,sucheng
904,宿豫,suyu
905,沭阳,shuyang
906,泗阳,siyang
907,泗洪,sihong
908,浙江,zhejiang
909,杭州,hangzhou
910,上城,shangcheng
911,拱墅,gongshu
912,西湖,xihu
913,滨江,binjiang
914,杭州,xiaoshan
915,余杭,yuhang
916,富阳,fuyang
917,临安,linan
918,临平,linping
919,钱塘,qiantang
920,桐庐,tonglu
921,淳安,chunan
922,建德,jiande
923,宁波,ningbo
924,海曙,haishu
925,江北,jiangbei
926,北仑,beilun
927,镇海,zhenhai
928,鄞州,yinzhou
929,奉化,fenghua
930,象山,xiangshan
931,宁海,ninghai
932,余姚,yuyao
933,慈溪,cixi
934,温州,wenzhou
935,鹿城,lucheng
936,龙湾,longwan
937,瓯海,ouhai
938,洞头,dongtou
939,永嘉,yongjia
940,平阳,pingyang
941,苍南,cangnan
942,文成,wencheng
943,泰顺,taishun
944,瑞安,ruian
945,乐清,yueqing
947,嘉兴,jiaxing
948,南湖,nanhu
949,秀洲,xiuzhou
950,嘉善,jiashan
951,海盐,haiyan
952,海宁,haining
953,平湖,pinghu
954,桐乡,tongxiang
955,湖州,huzhou
956,吴兴,wuxing
957,南浔,nanxun
958,德清,deqing
959,长兴,changxing
960,安吉,anji
961,绍兴,shaoxing
962,越城,yuecheng
963,柯桥,keqiao
964,上虞,shangyu
965,新昌,xinchang
966,诸暨,zhuji
967,嵊州,shengzhou
968,金华,jinhua
969,婺城,wucheng
970,金东,jindong
971,武义,wuyi
972,浦江,pujiang
973,磐安,panan
974,兰溪,lanxi
975,义乌,yiwu
976,东阳,dongyang
977,永康,yongkang
978,衢州,quzhou
979,柯城,kecheng
980,衢江,qujiang
981,常山,changshan
982,开化,kaihua
983,龙游,longyou
984,江山,jiangshan
985,舟山,zhoushan
986,定海,dinghai
988,岱山,daishan
989,嵊泗,shengsi
990,台州,taizhou
991,椒江,jiaojiang
992,黄岩,huangyan
993,路桥,luqiao
994,三门,sanmen
995,天台,tiantai
996,仙居,xianju
997,温岭,wenling
998,临海,linhai
999,玉环,yuhuan
1000,丽水,lishui
1001,莲都,liandu
1002,青田,qingtian
1003,缙云,jinyun
1004,遂昌,suichang
1005,松阳,songyang
1006,云和,yunhe
1007,庆元,qingyuan
1008,景宁,jingning
1009,龙泉,longquan
1010,安徽,anhui
1011,合肥,hefei
1012,瑶海,yaohai
1013,庐阳,luyang
1014,蜀山,shushan
1015,包河,baohe
1016,长丰,changfeng
1017,肥东,feidong
1018,肥西,feixi
1019,庐江,lujiang
1020,巢湖,chaohu
1021,芜湖,wuhu
1022,镜湖,jinghu
1023,鸠江,jiujiang
1024,弋江,yijiang
1025,湾沚,wanzhi
1026,繁昌,fanchang
1027,南陵,nanling
1028,无为,wuwei
1029,蚌埠,bengbu
1030,龙子湖,longzihu
1031,蚌山,bengshan
1032,禹会,yuhui
1033,淮上,huaishang
1034,怀远,huaiyuan
1035,五河,wuhe
1036,固镇,guzhen
1037,淮南,huainan
1039,田家庵,tianjiaan
1040,谢家集,xiejiaji
1041,八公山,bagongshan
1042,潘集,panji
1043,凤台,fengtai
1044,寿县,shouxian
1045,马鞍山,maanshan
1046,花山,huashan
1047,雨山,yushan
1048,博望,bowang
1049,当涂,dangtu
1050,含山,hanshan
1051,和县,hexian
1052,淮北,huaibei
1053,杜集,duji
1054,相山,xiangshan
1055,烈山,lieshan
1056,濉溪,suixi
1057,铜陵,tongling
1058,铜官,tongguan
1059,义安,yian
1061,枞阳,zongyang
1062,安庆,anqing
1063,迎江,yingjiang
1064,大观,daguan
1065,宜秀,yixiu
1066,怀宁,huaining
1067,太湖,taihu
1068,宿松,susong
1069,望江,wangjiang
1070,岳西,yuexi
1071,桐城,tongcheng
1072,潜山,qianshan
1073,黄山,huangshan
1074,屯溪,tunxi
1075,黄山区,huangshanqu
1076,徽州,huizhou
1077,歙县,shexian
1078,休宁,xiuning
1079,黟县,yixian
1080,祁门,qimen
1081,滁州,chuzhou
1082,琅琊,langya
1083,南谯,nanqiao
1084,来安,laian
1085,全椒,quanjiao
1086,定远,dingyuan
1087,凤阳,fengyang
1088,天长,tianchang
1089,明光,mingguang
1090,阜阳,fuyang
1091,颍州,yingzhou
1092,颍东,yingdong
1093,颍泉,yingquan
1094,临泉,linquan
1096,阜南,funan
1097,颍上,yingshang
1098,界首,jieshou
1100,埇桥,yongqiao
1101,砀山,dangshan
1102,萧县,xiaoxian
1103,灵璧,lingbi
1104,泗县,sixian
1105,六安,luan
1106,金安,jinan
1107,裕安,yuan
1108,叶集,yeji
1109,霍邱,huoqiu
1110,舒城,shucheng
1111,金寨,jinzhai
1112,霍山,huoshan
1113,亳州,bozhou
1114,谯城,qiaocheng
1115,涡阳,guoyang
1116,蒙城,mengcheng
1117,利辛,lixin
1118,池州,chizhou
1119,贵池,guichi
1120,东至,dongzhi
1121,石台,shitai
1122,青阳,qingyang
1123,宣城,xuancheng
1124,宣州,xuanzhou
1125,郎溪,langxi
1126,泾县,jingxian
1127,绩溪,jixi
1128,旌德,jingde
1129,宁国,ningguo
1130,广德,guangde
1131,福建,fujian
1132,福州,fuzhou
1134,台江,taijiang
1135,仓山,cangshan
1136,马尾,mawei
1137,晋安,jinan
1138,长乐,changle
1139,闽侯,minhou
1140,连江,lianjiang
1141,罗源,luoyuan
1142,闽清,minqing
1143,永泰,yongtai
1144,平潭,pingtan
1145,福清,fuqing
1146,厦门,xiamen
1148,海沧,haicang
1149,湖里,huli
1150,集美,jimei
1151,同安,tongan
1152,翔安,xiangan
1153,莆田,putian
1154,城厢,chengxiang
1155,涵江,hanjiang
1156,荔城,licheng
1157,秀屿,xiuyu
1158,仙游,xianyou
1159,三明,sanming
1160,三元,sanyuan
1161,沙县,shaxian
1162,明溪,mingxi
1163,清流,qingliu
1164,宁化,ninghua
1165,大田,datian
1166,尤溪,youxi
1167,将乐,jiangle
1168,泰宁,taining
1169,建宁,jianning
1170,永安,yongan
1171,泉州,quanzhou
1172,鲤城,licheng
1173,丰泽,fengze
1174,洛江,luojiang
1175,泉港,quangang
1176,惠安,huian
1177,安溪,anxi
1178,永春,yongchun
1179,德化,dehua
1180,金门,jinmen
1181,石狮,shishi
1182,晋江,jinjiang
1183,南安,nanan
1184,漳州,zhangzhou
1185,芗城,xiangcheng
1186,龙文,longwen
1187,龙海,longhai
1188,长泰,changtai
1189,云霄,yunxiao
1190,漳浦,zhangpu
1191,诏安,zhaoan
1194,平和,pinghe
1195,华安,huaan
1196,南平,nanping
1197,延平,yanping
1198,建阳,jianyang
1199,顺昌,shunchang
1200,浦城,pucheng
1201,光泽,guangze
1202,松溪,songxi
1203,政和,zhenghe
1204,邵武,shaowu
1205,武夷山,wuyishan
1206,建瓯,jianou
1207,龙岩,longyan
1208,新罗,xinluo
1209,永定,yongding
1210,长汀,changting
1211,上杭,shanghang
1212,武平,wuping
1213,连城,liancheng
1214,漳平,zhangping
1215,宁德,ningde
1216,蕉城,jiaocheng
1217,霞浦,xiapu
1218,古田,gutian
1219,屏南,pingnan
1220,寿宁,shouning
1221,周宁,zhouning
1222,柘荣,zherong
1223,福安,fuan
1224,福鼎,fuding
1225,江西,jiangxi
1226,南昌,nanchang
1227,东湖,donghu
1229,青云谱,qingyunpu
1230,青山湖,qingshanhu
1231,新建,xinjian
1232,红谷滩,honggutan
1233,南昌县,nanchangxian
1234,安义,anyi
1235,进贤,jinxian
1236,景德镇,jingdezhen
1237,昌江,changjiang
1238,珠山,zhushan
1239,浮梁,fuliang
1240,乐平,leping
1241,萍乡,pingxiang
1242,安源,anyuan
1243,湘东,xiangdong
1244,莲花,lianhua
1245,上栗,shangli
1246,芦溪,luxi
1247,九江,jiujiang
1248,濂溪,lianxi
1249,浔阳,xunyang
1250,柴桑,chaisang
1251,武宁,wuning
1252,修水,xiushui
1253,永修,yongxiu
1254,德安,dean
1255,都昌,duchang
1256,湖口,hukou
1257,彭泽,pengze
1258,瑞昌,ruichang
1259,共青城,gongqingcheng
1260,庐山,lushan
1261,新余,xinyu
1262,渝水,yushui
1263,分宜,fenyi
1264,鹰潭,yingtan
1265,月湖,yuehu
1266,余江,yujiang
1267,贵溪,guixi
1268,赣州,ganzhou
1269,章贡,zhanggong
1270,南康,nankang
1271,赣县,ganxian
1272,信丰,xinfeng
1273,大余,dayu
1274,上犹,shangyou
1275,崇义,chongyi
1276,安远,anyuan
1277,定南,dingnan
1278,全南,quannan
1279,宁都,ningdu
1280,于都,yudu
1281,兴国,xingguo
1282,会昌,huichang
1283,寻乌,xunwu
1284,石城,shicheng
1285,瑞金,ruijin
1286,龙南,longnan
1287,吉安,jian
1288,吉州,jizhou
1289,青原,qingyuan
1290,吉安县,jianxian
1291,吉水,jishui
1292,峡江,xiajiang
1293,新干,xingan
1294,永丰,yongfeng
1295,泰和,taihe
1296,遂川,suichuan
1297,万安,wanan
1298,安福,anfu
1299,永新,yongxin
1300,井冈山,jinggangshan
1301,宜春,yichun
1302,袁州,yuanzhou
1303,奉新,fengxin
1304,万载,wanzai
1305,上高,shanggao
1306,宜丰,yifeng
1308,铜鼓,tonggu
1309,丰城,fengcheng
1310,樟树,zhangshu
1311,高安,gaoan
1312,抚州,fuzhou
1313,临川,linchuan
1314,东乡,dongxiang
1315,南城,nancheng
1316,黎川,lichuan
1317,南丰,nanfeng
1318,崇仁,chongren
1319,乐安,lean
1320,宜黄,yihuang
1321,金溪,jinxi
1322,资溪,zixi
1323,广昌,guangchang
1324,上饶,shangrao
1325,信州,xinzhou
1326,广丰,guangfeng
1327,广信,guangxin
1328,玉山,yushan
1329,铅山,yanshan
1330,横峰,hengfeng
1331,弋阳,yiyang
1332,余干,yugan
1333,上饶,poyang
1334,万年,wannian
1335,婺源,wuyuan
1336,德兴,dexing
1337,山东,shandong
1338,济南,jinan
1339,历下,lixia
1340,市中,shizhong
1341,槐荫,huaiyin
1342,天桥,tianqiao
1343,历城,licheng
1344,长清,changqing
1345,章丘,zhangqiu
1346,济阳,jiyang
1347,莱芜,laiwu
1348,钢城,gangcheng
1349,平阴,pingyin
1350,商河,shanghe
1351,青岛,qingdao
1352,市南,shinan
1353,市北,shibei
1354,黄岛,huangdao
1355,崂山,laoshan
1356,李沧,licang
1357,城阳,chengyang
1358,即墨,jimo
1359,胶州,jiaozhou
1360,平度,pingdu
1361,莱西,laixi
1362,淄博,zibo
1363,淄川,zichuan
1364,张店,zhangdian
1365,博山,boshan
1366,临淄,linzi
1367,周村,zhoucun
1368,桓台,huantai
1369,高青,gaoqing
1370,沂源,yiyuan
1371,枣庄,zaozhuang
1373,薛城,xuecheng
1374,峄城,yicheng
1375,台儿庄,taierzhuang
1376,山亭,shanting
1377,滕州,tengzhou
1378,东营,dongying
1379,东营区,dongyingqu
1380,河口,hekou
1381,垦利,kenli
1382,利津,lijin
1383,广饶,guangrao
1384,烟台,yantai
1385,芝罘,zhifu
1386,福山,fushan
1387,牟平,muping
1388,莱山,laishan
1389,蓬莱,penglai
1390,龙口,longkou
1391,莱阳,laiyang
1392,莱州,laizhou
1393,招远,zhaoyuan
1395,海阳,haiyang
1396,潍坊,weifang
1397,潍城,weicheng
1398,寒亭,hanting
1399,坊子,fangzi
1400,奎文,kuiwen
1401,临朐,linqu
1402,昌乐,changle
1403,青州,qingzhou
1404,诸城,zhucheng
1405,寿光,shouguang
1406,安丘,anqiu
1407,高密,gaomi
1409,济宁,jining
1410,任城,rencheng
1411,兖州,yanzhou
1412,微山,weishan
1413,鱼台,yutai
1414,金乡,jinxiang
1415,嘉祥,jiaxiang
1416,汶上,wenshang
1417,泗水,sishui
1418,梁山,liangshan
1419,曲阜,qufu
1420,邹城,zoucheng
1421,泰安,taian
1422,泰山,taishan
1423,岱岳,daiyue
1424,宁阳,ningyang
1425,东平,dongping
1426,新泰,xintai
1427,肥城,feicheng
1428,威海,weihai
1429,环翠,huancui
1430,文登,wendeng
1431,荣成,rongcheng
1432,乳山,rushan
1433,日照,rizhao
1435,岚山,lanshan
1436,五莲,wulian
1437,莒县,juxian
1438,临沂,linyi
1439,兰山,lanshan
1440,罗庄,luozhuang
1442,沂南,yinan
1443,郯城,tancheng
1444,沂水,yishui
1445,兰陵,lanling
1446,费县,feixian
1447,平邑,pingyi
1448,莒南,junan
1449,蒙阴,mengyin
1450,临沭,linshu
1451,德州,dezhou
1452,德城,decheng
1453,陵城,lingcheng
1454,宁津,ningjin
1455,庆云,qingyun
1456,临邑,linyi
1457,齐河,qihe
1458,平原,pingyuan
1459,夏津,xiajin
1460,武城,wucheng
1461,乐陵,leling
1462,禹城,yucheng
1463,聊城,liaocheng
1464,东昌府,dongchangfu
1465,茌平,chiping
1466,阳谷,yanggu
1467,莘县,shenxian
1468,东阿,donge
1469,冠县,guanxian
1470,高唐,gaotang
1471,临清,linqing
1472,滨州,binzhou
1473,滨城,bincheng
1474,沾化,zhanhua
1475,惠民,huimin
1476,阳信,yangxin
1477,无棣,wudi
1478,博兴,boxing
1479,邹平,zouping
1480,菏泽,heze
1481,牡丹,mudan
1482,定陶,dingtao
1483,曹县,caoxian
1484,单县,shanxian
1485,成武,chengwu
1486,巨野,juye
1487,郓城,yuncheng
1488,鄄城,juancheng
1489,东明,dongming
1490,河南,henan
1491,郑州,zhengzhou
1492,中原,zhongyuan
1493,二七,erqi
1494,管城,guancheng
1495,金水,jinshui
1496,上街,shangjie
1497,惠济,huiji
1498,中牟,zhongmu
1499,巩义,gongyi
1500,荥阳,xingyang
1501,新密,xinmi
1502,新郑,xinzheng
1503,登封,dengfeng
1504,开封,kaifeng
1505,龙亭,longting
1506,顺河,shunhe
1508,禹王台,yuwangtai
1509,祥符,xiangfu
1510,杞县,qixian
1511,通许,tongxu
1512,尉氏,weishi
1513,兰考,lankao
1514,洛阳,luoyang
1515,老城,laocheng
1516,西工,xigong
1517,瀍河,chanhe
1518,涧西,jianxi
1519,偃师,yanshi
1520,孟津,mengjin
1521,洛龙,luolong
1522,新安,xinan
1523,栾川,luanchuan
1524,嵩县,songxian
1525,汝阳,ruyang
1526,宜阳,yiyang
1527,洛宁,luoning
1528,伊川,yichuan
1529,平顶山,pingdingshan
1531,卫东,weidong
1532,石龙,shilong
1533,湛河,zhanhe
1534,宝丰,baofeng
1535,叶县,yexian
1536,鲁山,lushan
1537,郏县,jiaxian
1538,舞钢,wugang
1539,汝州,ruzhou
1540,安阳,anyang
1541,文峰,wenfeng
1542,北关,beiguan
1543,殷都,yindu
1544,龙安,longan
1545,安阳县,anyangxian
1546,汤阴,tangyin
1547,滑县,huaxian
1548,内黄,neihuang
1549,林州,linzhou
1550,鹤壁,hebi
1551,鹤山,heshan
1552,山城,shancheng
1553,淇滨,qibin
1554,浚县,xunxian
1555,淇县,qixian
1556,新乡,xinxiang
1557,红旗,hongqi
1558,卫滨,weibin
1559,凤泉,fengquan
1560,牧野,muye
1561,新乡县,xinxiangxian
1562,获嘉,huojia
1563,原阳,yuanyang
1564,延津,yanjin
1565,封丘,fengqiu
1566,卫辉,weihui
1567,辉县,huixian
1568,长垣,changyuan
1569,焦作,jiaozuo
1570,解放,jiefang
1571,中站,zhongzhan
1572,马村,macun
1573,山阳,shanyang
1574,修武,xiuwu
1575,博爱,boai
1576,武陟,wuzhi
1577,温县,wenxian
1578,沁阳,qinyang
1579,孟州,mengzhou
1580,濮阳,puyang
1581,华龙,hualong
1582,清丰,qingfeng
1583,南乐,nanle
1584,范县,fanxian
1585,台前,taiqian
1586,濮阳县,puyangxian
1587,许昌,xuchang
1588,魏都,weidu
1589,建安,jianan
1590,鄢陵,yanling
1591,襄城,xiangcheng
1592,禹州,yuzhou
1593,长葛,changge
1594,漯河,luohe
1595,源汇,yuanhui
1596,郾城,yancheng
1597,召陵,shaoling
1598,舞阳,wuyang
1599,临颍,linying
1600,三门峡,sanmenxia
1601,湖滨,hubin
1602,陕州,shanzhou
1603,渑池,mianchi
1604,卢氏,lushi
1605,义马,yima
1606,灵宝,lingbao
1607,南阳,nanyang
1608,宛城,wancheng
1609,卧龙,wolong
1610,南召,nanzhao
1611,方城,fangcheng
1612,西峡,xixia
1613,镇平,zhenping
1614,内乡,neixiang
1615,淅川,xichuan
1616,社旗,sheqi
1617,唐河,tanghe
1618,新野,xinye
1619,桐柏,tongbai
1620,邓州,dengzhou
1621,商丘,shangqiu
1622,梁园,liangyuan
1623,睢阳,suiyang
1624,民权,minquan
1625,睢县,suixian
1626,宁陵,ningling
1627,柘城,zhecheng
1628,虞城,yucheng
1629,夏邑,xiayi
1630,永城,yongcheng
1631,信阳,xinyang
1632,浉河,shihe
1633,平桥,pingqiao
1634,罗山,luoshan
1635,光山,guangshan
1636,新县,xinxian
1637,商城,shangcheng
1638,固始,gushi
1639,潢川,huangchuan
1640,淮滨,huaibin
1641,息县,xixian
1642,周口,zhoukou
1643,川汇,chuanhui
1644,淮阳,huaiyang
1645,扶沟,fugou
1646,西华,xihua
1647,商水,shangshui
1648,沈丘,shenqiu
1649,郸城,dancheng
1650,太康,taikang
1651,鹿邑,luyi
1652,项城,xiangcheng
1653,驻马店,zhumadian
1654,驿城,yicheng
1655,西平,xiping
1656,上蔡,shangcai
1657,平舆,pingyu
1658,正阳,zhengyang
1659,确山,queshan
1660,泌阳,biyang
1661,汝南,runan
1662,遂平,suiping
1663,新蔡,xincai
1664,济源,jiyuan
1666,湖北,hubei
1667,武汉,wuhan
1668,江岸,jiangan
1669,江汉,jianghan
1670,硚口,qiaokou
1671,汉阳,hanyang
1672,武昌,wuchang
1674,洪山,hongshan
1675,东西湖,dongxihu
1676,汉南,hannan
1677,蔡甸,caidian
1678,江夏,jiangxia
1679,黄陂,huangpi
1680,新洲,xinzhou
1681,黄石,huangshi
1682,黄石港,huangshigang
1683,西塞山,xisaishan
1684,下陆,xialu
1685,铁山,tieshan
1686,阳新,yangxin
1687,大冶,daye
1688,十堰,shiyan
1689,茅箭,maojian
1690,张湾,zhangwan
1691,郧阳,yunyang
1692,郧西,yunxi
1693,竹山,zhushan
1694,竹溪,zhuxi
1695,房县,fangxian
1696,丹江口,danjiangkou
1697,宜昌,yichang
1698,西陵,xiling
1699,伍家岗,wujiagang
1700,点军,dianjun
1701,猇亭,xiaoting
1702,夷陵,yiling
1703,远安,yuanan
1705,秭归,zigui
1706,长阳,changyang
1707,五峰,wufeng
1708,宜都,yidu
1709,当阳,dangyang
1710,枝江,zhijiang
1711,襄阳,xiangyang
1713,樊城,fancheng
1714,襄州,xiangzhou
1715,南漳,nanzhang
1716,谷城,gucheng
1717,保康,baokang
1718,老河口,laohekou
1719,枣阳,zaoyang
1720,宜城,yicheng
1721,鄂州,ezhou
1722,梁子湖,liangzihu
1723,华容,huarong
1724,鄂城,echeng
1725,荆门,jingmen
1726,东宝,dongbao
1727,掇刀,duodao
1728,沙洋,shayang
1729,钟祥,zhongxiang
1730,京山,jingshan
1731,孝感,xiaogan
1732,孝南,xiaonan
1733,孝昌,xiaochang
1734,大悟,dawu
1735,云梦,yunmeng
1736,应城,yingcheng
1737,安陆,anlu
1738,汉川,hanchuan
1739,荆州,jingzhou
1740,沙市,shashi
1741,荆州区,jingzhouqu
1742,公安,gongan
1743,江陵,jiangling
1744,石首,shishou
1745,洪湖,honghu
1746,松滋,songzi
1747,监利,jianli
1748,黄冈,huanggang
1749,黄州,huangzhou
1750,团风,tuanfeng
1751,红安,hongan
1752,罗田,luotian
1753,英山,yingshan
1754,浠水,xishui
1755,蕲春,qichun
1756,黄梅,huangmei
1757,麻城,macheng
1758,武穴,wuxue
1759,咸宁,xianning
1760,咸安,xianan
1761,嘉鱼,jiayu
1762,通城,tongcheng
1763,崇阳,chongyang
1764,通山,tongshan
1765,赤壁,chibi
1766,随州,suizhou
1767,曾都,zengdu
1768,随县,suixian
1769,广水,guangshui
1770,恩施,enshi
1771,恩施市,enshishi
1772,利川,lichuan
1773,建始,jianshi
1774,巴东,badong
1775,宣恩,xuanen
1776,咸丰,xianfeng
1777,来凤,laifeng
1778,鹤峰,hefeng
1779,仙桃,xiantao
1781,潜江,qianjiang
1783,天门,tianmen
1785,神农架,shennongjia
1786,神农架林区,shennongjialinqu
1787,湖南,hunan
1788,长沙,changsha
1789,芙蓉,furong
1790,天心,tianxin
1791,岳麓,yuelu
1792,开福,kaifu
1793,雨花,yuhua
1794,望城,wangcheng
1795,长沙县,changshaxian
1796,浏阳,liuyang
1797,宁乡,ningxiang
1798,株洲,zhuzhou
1799,荷塘,hetang
1800,芦淞,lusong
1801,石峰,shifeng
1802,天元,tianyuan
1803,渌口,lukou
1804,攸县,youxian
1805,茶陵,chaling
1806,炎陵,yanling
1807,醴陵,liling
1808,湘潭,xiangtan
1809,雨湖,yuhu
1810,岳塘,yuetang
1811,湘潭县,xiangtanxian
1812,湘乡,xiangxiang
1813,韶山,shaoshan
1814,衡阳,hengyang
1815,珠晖,zhuhui
1816,雁峰,yanfeng
1817,石鼓,shigu
1818,蒸湘,zhengxiang
1819,南岳,nanyue
1820,衡阳县,hengyangxian
1821,衡南,hengnan
1822,衡山,hengshan
1823,衡东,hengdong
1824,祁东,qidong
1825,耒阳,leiyang
1826,常宁,changning
1827,邵阳,shaoyang
1828,双清,shuangqing
1829,大祥,daxiang
1830,北塔,beita
1831,新邵,xinshao
1832,邵阳县,shaoyangxian
1833,隆回,longhui
1834,洞口,dongkou
1835,绥宁,suining
1836,新宁,xinning
1837,城步,chengbu
1838,武冈,wugang
1839,邵东,shaodong
1840,岳阳,yueyang
1841,岳阳楼,yueyanglou
1842,云溪,yunxi
1843,君山,junshan
1844,岳阳县,yueyangxian
1846,湘阴,xiangyin
1847,平江,pingjiang
1848,汨罗,miluo
1849,临湘,linxiang
1850,常德,changde
1851,武陵,wuling
1852,鼎城,dingcheng
1853,安乡,anxiang
1854,汉寿,hanshou
1855,澧县,lixian
1856,临澧,linli
1857,桃源,taoyuan
1858,石门,shimen
1859,津市,jinshi
1860,张家界,zhangjiajie
1862,武陵源,wulingyuan
1863,慈利,cili
1864,桑植,sangzhi
1865,益阳,yiyang
1866,资阳,ziyang
1867,赫山,heshan
1868,南县,nanxian
1869,桃江,taojiang
1870,安化,anhua
1871,沅江,yuanjiang
1872,郴州,chenzhou
1873,北湖,beihu
1874,苏仙,suxian
1875,桂阳,guiyang
1876,宜章,yizhang
1877,永兴,yongxing
1878,嘉禾,jiahe
1879,临武,linwu
1880,汝城,rucheng
1881,桂东,guidong
1882,安仁,anren
1883,资兴,zixing
1884,永州,yongzhou
1885,零陵,lingling
1886,冷水滩,lengshuitan
1888,双牌,shuangpai
1889,道县,daoxian
1890,江永,jiangyong
1891,宁远,ningyuan
1892,蓝山,lanshan
1893,新田,xintian
1894,江华,jianghua
1895,祁阳,qiyang
1896,怀化,huaihua
1897,鹤城,hecheng
1898,中方,zhongfang
1899,沅陵,yuanling
1900,辰溪,chenxi
1901,溆浦,xupu
1902,会同,huitong
1903,麻阳,mayang
1904,新晃,xinhuang
1905,芷江,zhijiang
1907,通道,tongdao
1908,洪江,hongjiang
1909,娄底,loudi
1910,娄星,louxing
1911,双峰,shuangfeng
1912,新化,xinhua
1913,冷水江,lengshuijiang
1914,涟源,lianyuan
1915,湘西,xiangxi
1916,吉首,jishou
1917,泸溪,luxi
1918,凤凰,fenghuang
1919,花垣,huayuan
1920,保靖,baojing
1921,古丈,guzhang
1922,永顺,yongshun
1924,广东,guangdong
1925,广州,guangzhou
1926,广州,liwan
1927,广州,yuexiu
1928,广州,haizhu
1929,广州,tianhe
1930,广州,baiyun
1931,广州,huangpu
1932,广州,panyu
1933,广州,huadu
1934,广州,nansha
1935,广州,conghua
1936,增城,zengcheng
1937,韶关,shaoguan
1938,武江,wujiang
1939,浈江,zhenjiang
1940,曲江,qujiang
1941,始兴,shixing
1942,仁化,renhua
1943,翁源,wengyuan
1944,乳源,ruyuan
1945,新丰,xinfeng
1946,乐昌,lechang
1947,南雄,nanxiong
1948,深圳,shenzhen
1949,罗湖,luohu
1950,福田,futian
1952,宝安,baoan
1953,龙岗,longgang
1954,盐田,yantian
1955,龙华,longhua
1956,坪山,pingshan
1957,光明,guangming
1958,珠海,zhuhai
1959,香洲,xiangzhou
1960,斗门,doumen
1961,金湾,jinwan
1962,汕头,shantou
1963,龙湖,longhu
1964,金平,jinping
1965,濠江,haojiang
1967,潮南,chaonan
1968,澄海,chenghai
1969,南澳,nanao
1970,佛山,foshan
1971,禅城,chancheng
1972,南海,nanhai
1973,顺德,shunde
1974,三水,sanshui
1975,高明,gaoming
1976,江门,jiangmen
1977,蓬江,pengjiang
1978,江海,jianghai
1979,新会,xinhui
1980,台山,taishan
1983,恩平,enping
1984,湛江,zhanjiang
1985,赤坎,chikan
1986,霞山,xiashan
1987,坡头,potou
1988,麻章,mazhang
1989,遂溪,suixi
1990,徐闻,xuwen
1991,廉江,lianjiang
1992,雷州,leizhou
1993,吴川,wuchuan
1994,茂名,maoming
1995,茂南,maonan
1996,电白,dianbai
1997,高州,gaozhou
1998,化州,huazhou
1999,信宜,xinyi
2000,肇庆,zhaoqing
2001,端州,duanzhou
2002,鼎湖,dinghu
2003,高要,gaoyao
2004,广宁,guangning
2005,怀集,huaiji
2006,封开,fengkai
2007,德庆,deqing
2008,四会,sihui
2009,惠州,huizhou
2010,惠城,huicheng
2011,惠阳,huiyang
2012,博罗,boluo
2013,惠东,huidong
2014,龙门,longmen
2015,梅州,meizhou
2016,梅江,meijiang
2017,梅县,meixian
2018,大埔,dabu
2019,丰顺,fengshun
2020,五华,wuhua
2021,平远,pingyuan
2022,蕉岭,jiaoling
2023,兴宁,xingning
2024,汕尾,shanwei
2026,海丰,haifeng
2027,陆河,luhe
2028,陆丰,lufeng
2029,河源,heyuan
2030,源城,yuancheng
2031,紫金,zijin
2032,龙川,longchuan
2033,连平,lianping
2035,东源,dongyuan
2036,阳江,yangjiang
2037,江城,jiangcheng
2038,阳东,yangdong
2039,阳西,yangxi
2040,阳春,yangchun
2041,清远,qingyuan
2042,清城,qingcheng
2043,清新区,qingxinqu
2044,佛冈,fogang
2045,阳山,yangshan
2047,连南,liannan
2048,英德,yingde
2049,连州,lianzhou
2050,东莞,dongguan
2054,潮州,chaozhou
2055,湘桥,xiangqiao
2056,潮安,chaoan
2057,饶平,raoping
2058,揭阳,jieyang
2059,榕城,rongcheng
2060,揭东,jiedong
2061,揭西,jiexi
2062,惠来,huilai
2063,普宁,puning
2064,云浮,yunfu
2065,云城,yuncheng
2066,云安,yunan
2068,郁南,yunan
2069,罗定,luoding
2070,广西,guangxi
2071,南宁,nanning
2073,青秀,qingxiu
2074,江南,jiangnan
2075,西乡塘,xixiangtang
2076,良庆,liangqing
2077,邕宁,yongning
2078,武鸣,wuming
2079,隆安,longan
2080,马山,mashan
2081,上林,shanglin
2082,宾阳,binyang
2083,横州,hengzhou
2084,柳州,liuzhou
2085,城中,chengzhong
2086,鱼峰,yufeng
2087,柳南,liunan
2088,柳北,liubei
2089,柳江,liujiang
2090,柳城,liucheng
2091,鹿寨,luzhai
2092,融安,rongan
2093,融水,rongshui
2094,三江,sanjiang
2095,桂林,guilin
2096,秀峰,xiufeng
2097,叠彩,diecai
2099,七星,qixing
2100,雁山,yanshan
2101,临桂,lingui
2102,阳朔,yangshuo
2103,灵川,lingchuan
2106,永福,yongfu
2107,灌阳,guanyang
2108,龙胜,longsheng
2109,资源,ziyuan
2110,平乐,pingle
2111,恭城,gongcheng
2112,荔浦,lipu
2113,梧州,wuzhou
2114,万秀,wanxiu
2116,龙圩,longxu
2117,苍梧,cangwu
2118,藤县,tengxian
2119,蒙山,mengshan
2120,岑溪,cenxi
2121,北海,beihai
2123,银海,yinhai
2124,铁山港,tieshangang
2125,合浦,hepu
2126,防城港,fangchenggang
2127,港口,gangkou
2128,防城,fangcheng
2129,上思,shangsi
2130,东兴,dongxing
2131,钦州,qinzhou
2132,钦南,qinnan
2133,钦北,qinbei
2134,灵山,lingshan
2135,浦北,pubei
2136,贵港,guigang
2137,港北,gangbei
2138,港南,gangnan
2139,覃塘,qintang
2140,平南,pingnan
2141,桂平,guiping
2142,玉林,yulin
2143,玉州,yuzhou
2144,福绵,fumian
2145,容县,rongxian
2146,陆川,luchuan
2147,博白,bobai
2148,兴业,xingye
2149,北流,beiliu
2150,百色,baise
2151,右江,youjiang
2152,田阳,tianyang
2153,田东,tiandong
2154,德保,debao
2155,那坡,napo
2156,凌云,lingyun
2157,乐业,leye
2158,田林,tianlin
2159,西林,xilin
2160,隆林,longlin
2161,靖西,jingxi
2162,平果,pingguo
2163,贺州,hezhou
2164,八步,babu
2165,平桂,pinggui
2166,昭平,zhaoping
2167,钟山,zhongshan
2168,富川,fuchuan
2169,河池,hechi
2170,金城江,jinchengjiang
2171,宜州,yizhou
2172,南丹,nandan
2173,天峨,tiane
2174,凤山,fengshan
2175,东兰,donglan
2176,罗城,luocheng
2177,环江,huanjiang
2178,巴马,bama
2179,都安,duan
2180,大化,dahua
2181,来宾,laibin
2182,兴宾,xingbin
2183,忻城,xincheng
2184,象州,xiangzhou
2185,武宣,wuxuan
2186,金秀,jinxiu
2187,合山,heshan
2188,崇左,chongzuo
2189,江州,jiangzhou
2190,扶绥,fusui
2191,宁明,ningming
2192,龙州,longzhou
2193,大新,daxin
2194,天等,tiandeng
2195,凭祥,pingxiang
2197,海口,haikou
2198,秀英,xiuying
2200,琼山,qiongshan
2201,美兰,meilan
2202,三亚,sanya
2203,海棠,haitang
2204,吉阳,jiyang
2205,天涯,tianya
2206,崖州,yazhou
2207,三沙,sansha
2208,西沙,xisha
2210,儋州,danzhou
2212,五指山,wuzhishan
2214,琼海,qionghai
2216,文昌,wenchang
2218,万宁,wanning
2220,东方,dongfang
2222,定安,dingan
2224,屯昌,tunchang
2226,澄迈,chengmai
2228,临高,lingao
2230,白沙,baisha
2234,乐东,ledong
2236,陵水,lingshui
2238,保亭,baoting
2240,琼中,qiongzhong
2242,重庆,chongqing
2243,重庆城区,chongqingchengqu
2244,万州,wanzhou
2245,涪陵,fuling
2246,渝中,yuzhong
2247,大渡口,dadukou
2249,沙坪坝,shapingba
2250,九龙坡,jiulongpo
2251,南岸,nanan
2252,北碚,beibei
2253,綦江,qijiang
2254,大足,dazu
2255,渝北,yubei
2256,巴南,banan
2257,黔江,qianjiang
2258,长寿,changshou
2259,江津,jiangjin
2260,合川,hechuan
2261,永川,yongchuan
2262,南川,nanchuan
2263,璧山,bishan
2264,铜梁,tongliang
2265,潼南,tongnan
2266,荣昌,rongchang
2267,开州,kaizhou
2268,梁平,liangping
2269,武隆,wulong
2270,重庆郊县,chongqingjiaoxian
2271,城口,chengkou
2272,丰都,fengdu
2273,垫江,dianjiang
2274,忠县,zhongxian
2275,云阳,yunyang
2276,奉节,fengjie
2277,巫山,wushan
2279,石柱,shizhu
2280,秀山,xiushan
2281,酉阳,youyang
2282,彭水,pengshui
2283,四川,sichuan
2284,成都,chengdu
2285,成都,jinjiang
2286,青羊,qingyang
2287,金牛,jinniu
2288,武侯,wuhou
2289,成华,chenghua
2290,龙泉驿,longquanyi
2291,青白江,qingbaijiang
2292,新都,xindu
2293,温江,wenjiang
2294,双流,shuangliu
2295,郫都,pidu
2296,新津,xinjin
2297,金堂,jintang
2298,大邑,dayi
2299,蒲江,pujiang
2300,都江堰,dujiangyan
2301,彭州,pengzhou
2302,邛崃,qionglai
2303,崇州,chongzhou
2304,简阳,jianyang
2305,自贡,zigong
2306,自流井,ziliujing
2307,贡井,gongjing
2309,沿滩,yantan
2310,荣县,rongxian
2311,富顺,fushun
2312,攀枝花,panzhihua
2313,东区,dongqu
2314,西区,xiqu
2315,仁和,renhe
2316,米易,miyi
2317,盐边,yanbian
2318,泸州,luzhou
2319,江阳,jiangyang
2320,纳溪,naxi
2321,龙马潭,longmatan
2322,泸县,luxian
2323,合江,hejiang
2324,叙永,xuyong
2325,古蔺,gulin
2326,德阳,deyang
2327,旌阳,jingyang
2328,罗江,luojiang
2329,中江,zhongjiang
2330,广汉,guanghan
2331,什邡,shifang
2332,绵竹,mianzhu
2333,绵阳,mianyang
2334,涪城,fucheng
2335,游仙,youxian
2336,安州,anzhou
2337,三台,santai
2338,盐亭,yanting
2339,梓潼,zitong
2340,北川,beichuan
2341,平武,pingwu
2342,江油,jiangyou
2343,广元,guangyuan
2344,利州,lizhou
2345,昭化,zhaohua
2346,朝天,chaotian
2347,旺苍,wangcang
2348,青川,qingchuan
2349,剑阁,jiange
2350,苍溪,cangxi
2351,遂宁,suining
2352,船山,chuanshan
2353,安居,anju
2354,蓬溪,pengxi
2355,大英,daying
2356,射洪,shehong
2357,内江,neijiang
2360,威远,weiyuan
2361,资中,zizhong
2362,隆昌,longchang
2363,乐山,leshan
2365,沙湾,shawan
2366,五通桥,wutongqiao
2367,金口河,jinkouhe
2368,犍为,qianwei
2369,井研,jingyan
2370,夹江,jiajiang
2371,沐川,muchuan
2372,峨边,ebian
2373,马边,mabian
2374,峨眉山,emeishan
2375,南充,nanchong
2376,顺庆,shunqing
2377,高坪,gaoping
2378,嘉陵,jialing
2379,南部,nanbu
2380,营山,yingshan
2381,蓬安,pengan
2382,仪陇,yilong
2383,西充,xichong
2384,阆中,langzhong
2385,眉山,meishan
2386,东坡,dongpo
2387,彭山,pengshan
2388,仁寿,renshou
2389,洪雅,hongya
2390,丹棱,danling
2391,青神,qingshen
2392,宜宾,yibin
2393,翠屏,cuiping
2394,南溪,nanxi
2395,叙州,xuzhou
2396,江安,jiangan
2398,高县,gaoxian
2399,珙县,gongxian
2400,筠连,junlian
2401,兴文,xingwen
2402,屏山,pingshan
2403,广安,guangan
2404,广安区,guanganqu
2405,前锋,qianfeng
2406,岳池,yuechi
2407,武胜,wusheng
2408,邻水,linshui
2409,华蓥,huaying
2410,达州,dazhou
2411,通川,tongchuan
2412,达川,dachuan
2413,宣汉,xuanhan
2414,开江,kaijiang
2415,大竹,dazhu
2416,渠县,quxian
2417,万源,wanyuan
2418,雅安,yaan
2419,雨城,yucheng
2420,名山,mingshan
2421,荥经,yingjing
2422,汉源,hanyuan
2423,石棉,shimian
2424,天全,tianquan
2425,芦山,lushan
2426,宝兴,baoxing
2427,巴中,bazhong
2428,巴州,bazhou
2429,恩阳,enyang
2430,通江,tongjiang
2431,南江,nanjiang
2432,平昌,pingchang
2434,雁江,yanjiang
2435,安岳,anyue
2436,乐至,lezhi
2437,阿坝,aba
2438,马尔康,maerkang
2439,汶川,wenchuan
2440,理县,lixian
2441,茂县,maoxian
2442,松潘,songpan
2443,九寨沟,jiuzhaigou
2444,金川,jinchuan
2445,小金,xiaojin
2446,黑水,heishui
2447,壤塘,rangtang
2448,阿坝县,abaxian
2449,若尔盖,ruoergai
2450,红原,hongyuan
2451,甘孜,ganzi
2452,康定,kangding
2453,泸定,luding
2454,丹巴,danba
2455,九龙,jiulong
2456,雅江,yajiang
2457,道孚,daofu
2458,炉霍,luhuo
2459,甘孜县,ganzixian
2460,新龙,xinlong
2461,德格,dege
2462,白玉,baiyu
2463,石渠,shiqu
2464,色达,seda
2465,理塘,litang
2466,巴塘,batang
2467,乡城,xiangcheng
2468,稻城,daocheng
2469,得荣,derong
2470,凉山,liangshan
2471,西昌,xichang
2472,会理,huili
2473,木里,muli
2474,盐源,yanyuan
2475,德昌,dechang
2476,会东,huidong
2477,宁南,ningnan
2478,普格,puge
2479,布拖,butuo
2480,金阳,jinyang
2481,昭觉,zhaojue
2482,喜德,xide
2483,冕宁,mianning
2484,越西,yuexi
2485,甘洛,ganluo
2486,美姑,meigu
2487,雷波,leibo
2488,贵州,guizhou
2489,贵阳,guiyang
2490,南明,nanming
2491,云岩,yunyan
2492,花溪,huaxi
2493,乌当,wudang
2495,观山湖,guanshanhu
2496,开阳,kaiyang
2497,息烽,xifeng
2498,修文,xiuwen
2499,清镇,qingzhen
2500,六盘水,liupanshui
2502,六枝特,liuzhite
2503,水城,shuicheng
2504,盘州,panzhou
2505,遵义,zunyi
2506,红花岗,honghuagang
2507,汇川,huichuan
2508,播州,bozhou
2509,桐梓,tongzi
2510,绥阳,suiyang
2511,正安,zhengan
2512,道真,daozhen
2513,务川,wuchuan
2514,凤冈,fenggang
2515,湄潭,meitan
2516,余庆,yuqing
2517,习水,xishui
2518,赤水,chishui
2519,仁怀,renhuai
2520,安顺,anshun
2521,西秀,xixiu
2522,平坝,pingba
2523,普定,puding
2524,镇宁,zhenning
2525,关岭,guanling
2526,紫云,ziyun
2527,毕节,bijie
2528,七星关,qixingguan
2529,大方,dafang
2530,金沙,jinsha
2531,织金,zhijin
2532,纳雍,nayong
2533,威宁,weining
2534,赫章,hezhang
2535,黔西,qianxi
2536,铜仁,tongren
2537,碧江,bijiang
2538,万山,wanshan
2539,江口,jiangkou
2540,玉屏,yuping
2541,石阡,shiqian
2542,思南,sinan
2543,印江,yinjiang
2544,德江,dejiang
2545,沿河,yanhe
2546,松桃,songtao
2547,黔西南,qianxinan
2548,兴义,xingyi
2549,兴仁,xingren
2550,普安,puan
2551,晴隆,qinglong
2552,贞丰,zhenfeng
2553,望谟,wangmo
2554,册亨,ceheng
2555,安龙,anlong
2556,黔东南,qiandongnan
2557,凯里,kaili
2558,黄平,huangping
2559,施秉,shibing
2560,三穗,sansui
2561,镇远,zhenyuan
2562,岑巩,cengong
2563,天柱,tianzhu
2564,锦屏,jinping
2565,剑河,jianhe
2567,黎平,liping
2568,榕江,rongjiang
2569,从江,congjiang
2570,雷山,leishan
2571,麻江,majiang
2572,丹寨,danzhai
2573,黔南,qiannan
2574,都匀,duyun
2575,福泉,fuquan
2576,荔波,libo
2577,贵定,guiding
2578,瓮安,wengan
2579,独山,dushan
2580,平塘,pingtang
2581,罗甸,luodian
2582,长顺,changshun
2583,龙里,longli
2584,惠水,huishui
2585,三都,sandu
2586,云南,yunnan
2587,昆明,kunming
2589,盘龙,panlong
2590,官渡,guandu
2591,西山,xishan
2592,东川,dongchuan
2593,呈贡,chenggong
2594,晋宁,jinning
2595,富民,fumin
2596,宜良,yiliang
2597,石林,shilin
2598,嵩明,songming
2599,禄劝,luquan
2600,寻甸,xundian
2601,安宁,anning
2602,曲靖,qujing
2603,麒麟,qilin
2604,沾益,zhanyi
2605,马龙,malong
2606,陆良,luliang
2607,师宗,shizong
2608,罗平,luoping
2609,富源,fuyuan
2610,会泽,huize
2611,宣威,xuanwei
2612,玉溪,yuxi
2613,红塔,hongta
2614,江川,jiangchuan
2615,通海,tonghai
2616,华宁,huaning
2617,易门,yimen
2618,峨山,eshan
2619,新平,xinping
2620,元江,yuanjiang
2621,澄江,chengjiang
2622,保山,baoshan
2623,隆阳,longyang
2624,施甸,shidian
2625,龙陵,longling
2626,昌宁,changning
2627,腾冲,tengchong
2628,昭通,zhaotong
2629,昭阳,zhaoyang
2630,鲁甸,ludian
2631,巧家,qiaojia
2632,盐津,yanjin
2633,大关,daguan
2634,永善,yongshan
2635,绥江,suijiang
2636,镇雄,zhenxiong
2637,彝良,yiliang
2638,威信,weixin
2639,水富,shuifu
2640,丽江,lijiang
2641,古城,gucheng
2642,玉龙,yulong
2643,永胜,yongsheng
2644,华坪,huaping
2645,宁蒗,ninglang
2646,普洱,puer
2647,思茅,simao
2648,宁洱,ninger
2649,墨江,mojiang
2650,景东,jingdong
2651,景谷,jinggu
2652,镇沅,zhenyuan
2654,孟连,menglian
2655,澜沧,lancang
2656,西盟,ximeng
2657,临沧,lincang
2658,临翔,linxiang
2659,凤庆,fengqing
2660,云县,yunxian
2661,永德,yongde
2662,镇康,zhenkang
2663,双江,shuangjiang
2664,耿马,gengma
2665,沧源,cangyuan
2666,楚雄,chuxiong
2667,楚雄市,chuxiongshi
2668,禄丰,lufeng
2669,双柏,shuangbai
2670,牟定,mouding
2671,南华,nanhua
2672,姚安,yaoan
2673,大姚,dayao
2674,永仁,yongren
2675,元谋,yuanmou
2676,武定,wuding
2677,红河,honghe
2678,个旧,gejiu
2679,开远,kaiyuan
2680,蒙自,mengzi
2681,弥勒,mile
2682,屏边,pingbian
2683,建水,jianshui
2684,石屏,shiping
2685,泸西,luxi
2686,元阳,yuanyang
2687,红河县,honghexian
2689,绿春,lvchun
2691,文山,wenshan
2692,文山市,wenshanshi
2693,砚山,yanshan
2694,西畴,xichou
2695,麻栗坡,malipo
2696,马关,maguan
2697,丘北,qiubei
2698,广南,guangnan
2699,富宁,funing
2700,西双版纳,xishuangbanna
2701,景洪,jinghong
2702,勐海,menghai
2703,勐腊,mengla
2704,大理,dali
2705,大理市,dalishi
2706,漾濞,yangbi
2707,祥云,xiangyun
2708,宾川,binchuan
2709,弥渡,midu
2710,南涧,nanjian
2711,巍山,weishan
2712,永平,yongping
2714,洱源,eryuan
2715,剑川,jianchuan
2716,鹤庆,heqing
2717,德宏,dehong
2718,瑞丽,ruili
2719,芒市,mangshi
2720,梁河,lianghe
2721,盈江,yingjiang
2722,陇川,longchuan
2723,怒江,nujiang
2724,泸水,lushui
2725,福贡,fugong
2726,贡山,gongshan
2727,兰坪,lanping
2728,迪庆,diqing
2729,香格里拉,xianggelila
2730,德钦,deqin
2731,维西,weixi
2732,西藏,xizang
2733,拉萨,lasa
2734,城关,chengguan
2735,堆龙德庆区,duilongdeqingqu
2736,达孜,dazi
2737,林周,linzhou
2738,当雄,dangxiong
2739,尼木,nimu
2740,曲水,qushui
2741,墨竹工卡,mozhugongka
2742,日喀则,rikaze
2743,桑珠孜,sangzhuzi
2744,南木林,nanmulin
2745,江孜,jiangzi
2746,定日,dingri
2747,萨迦,sajia
2748,拉孜,lazi
2749,昂仁,angren
2750,谢通门,xietongmen
2751,白朗,bailang
2752,仁布,renbu
2753,康马,kangma
2754,定结,dingjie
2755,仲巴,zhongba
2756,亚东,yadong
2757,吉隆,jilong
2758,聂拉木,nielamu
2759,萨嘎,saga
2760,岗巴,gangba
2761,昌都,changdu
2762,卡若,karuo
2763,江达,jiangda
2764,贡觉,gongjue
2765,类乌齐,leiwuqi
2766,丁青,dingqing
2767,察雅,chaya
2768,八宿,basu
2769,左贡,zuogong
2770,芒康,mangkang
2771,洛隆,luolong
2772,边坝,bianba
2773,林芝,linzhi
2774,巴宜,bayi
2775,工布江达,gongbujiangda
2776,米林,milin
2777,墨脱,motuo
2778,波密,bomi
2779,察隅,chayu
2780,朗县,langxian
2781,山南,shannan
2782,乃东,naidong
2783,扎囊,zhanang
2784,贡嘎,gongga
2785,桑日,sangri
2786,琼结,qiongjie
2787,曲松,qusong
2788,措美,cuomei
2789,洛扎,luozha
2790,加查,jiacha
2791,隆子,longzi
2792,错那,cuona
2793,浪卡子,langkazi
2794,那曲,naqu
2795,色尼,seni
2796,嘉黎,jiali
2797,比如,biru
2798,聂荣,nierong
2799,安多,anduo
2800,申扎,shenzha
2801,索县,suoxian
2802,班戈,bange
2803,巴青,baqing
2804,尼玛,nima
2805,双湖,shuanghu
2806,阿里,ali
2807,普兰,pulan
2808,札达,zhada
2809,噶尔,gaer
2810,日土,ritu
2811,革吉,geji
2812,改则,gaize
2813,措勤,cuoqin
2814,陕西,shanxi
2817,碑林,beilin
2818,莲湖,lianhu
2819,灞桥,baqiao
2820,未央,weiyang
2821,雁塔,yanta
2822,阎良,yanliang
2823,临潼,lintong
2825,高陵,gaoling
2826,鄠邑,huyi
2827,蓝田,lantian
2828,周至,zhouzhi
2829,铜川,tongchuan
2830,王益,wangyi
2831,印台,yintai
2832,耀州,yaozhou
2833,宜君,yijun
2834,宝鸡,baoji
2835,渭滨,weibin
2836,金台,jintai
2837,陈仓,chencang
2838,凤翔,fengxiang
2839,岐山,qishan
2840,扶风,fufeng
2841,眉县,meixian
2842,陇县,longxian
2843,千阳,qianyang
2844,麟游,linyou
2845,凤县,fengxian
2846,太白,taibai
2847,咸阳,xianyang
2848,秦都,qindu
2849,杨陵,yangling
2850,渭城,weicheng
2851,三原,sanyuan
2852,泾阳,jingyang
2853,乾县,qianxian
2854,礼泉,liquan
2855,永寿,yongshou
2856,长武,changwu
2857,旬邑,xunyi
2858,淳化,chunhua
2859,武功,wugong
2860,兴平,xingping
2861,彬州,binzhou
2862,渭南,weinan
2863,临渭,linwei
2864,华州,huazhou
2865,潼关,tongguan
2867,合阳,heyang
2868,澄城,chengcheng
2869,蒲城,pucheng
2870,白水,baishui
2871,富平,fuping
2872,韩城,hancheng
2873,华阴,huayin
2874,延安,yanan
2875,宝塔,baota
2876,安塞,ansai
2877,延长,yanchang
2878,延川,yanchuan
2879,志丹,zhidan
2880,吴起,wuqi
2881,甘泉,ganquan
2882,富县,fuxian
2883,洛川,luochuan
2884,宜川,yichuan
2885,黄龙,huanglong
2886,黄陵,huangling
2887,子长,zichang
2888,汉中,hanzhong
2889,汉台,hantai
2890,南郑,nanzheng
2891,城固,chenggu
2892,洋县,yangxian
2893,西乡,xixiang
2894,勉县,mianxian
2895,宁强,ningqiang
2896,略阳,lueyang
2897,镇巴,zhenba
2898,留坝,liuba
2899,佛坪,foping
2900,榆林,yulin
2901,榆阳,yuyang
2902,横山,hengshan
2903,府谷,fugu
2904,靖边,jingbian
2905,定边,dingbian
2906,绥德,suide
2907,米脂,mizhi
2908,佳县,jiaxian
2909,吴堡,wubu
2910,清涧,qingjian
2911,子洲,zizhou
2912,神木,shenmu
2913,安康,ankang
2914,汉滨,hanbin
2915,汉阴,hanyin
2916,石泉,shiquan
2917,宁陕,ningshan
2918,紫阳,ziyang
2919,岚皋,langao
2920,平利,pingli
2921,镇坪,zhenping
2922,白河,baihe
2923,旬阳,xunyang
2924,商洛,shangluo
2925,商州,shangzhou
2926,洛南,luonan
2927,丹凤,danfeng
2928,商南,shangnan
2930,镇安,zhenan
2931,柞水,zhashui
2932,甘肃,gansu
2933,兰州,lanzhou
2935,七里河,qilihe
2936,西固,xigu
2938,红古,honggu
2939,永登,yongdeng
2940,皋兰,gaolan
2941,榆中,yuzhong
2942,嘉峪关,jiayuguan
2944,金昌,jinchang
2946,永昌,yongchang
2947,白银,baiyin
2948,白银区,baiyinqu
2949,平川,pingchuan
2950,靖远,jingyuan
2951,会宁,huining
2952,景泰,jingtai
2953,天水,tianshui
2954,秦州,qinzhou
2955,麦积,maiji
2956,清水,qingshui
2957,秦安,qinan
2958,甘谷,gangu
2959,武山,wushan
2960,张家川,zhangjiachuan
2961,武威,wuwei
2962,凉州,liangzhou
2963,民勤,minqin
2964,古浪,gulang
2965,天祝,tianzhu
2966,张掖,zhangye
2968,肃南,sunan
2969,民乐,minle
2970,临泽,linze
2971,高台,gaotai
2972,山丹,shandan
2973,平凉,pingliang
2974,崆峒,kongtong
2975,泾川,jingchuan
2976,灵台,lingtai
2977,崇信,chongxin
2978,庄浪,zhuanglang
2979,静宁,jingning
2980,华亭,huating
2981,酒泉,jiuquan
2983,金塔,jinta
2984,瓜州,guazhou
2985,肃北,subei
2986,阿克塞,akesai
2987,玉门,yumen
2988,敦煌,dunhuang
2989,庆阳,qingyang
2990,西峰,xifeng
2991,庆城,qingcheng
2992,环县,huanxian
2993,华池,huachi
2994,合水,heshui
2995,正宁,zhengning
2996,宁县,ningxian
2997,镇原,zhenyuan
2998,定西,dingxi
2999,安定,anding
3000,通渭,tongwei
3001,陇西,longxi
3002,渭源,weiyuan
3003,临洮,lintao
3004,漳县,zhangxian
3005,岷县,minxian
3006,陇南,longnan
3007,武都,wudu
3008,成县,chengxian
3009,文县,wenxian
3010,宕昌,tanchang
3011,康县,kangxian
3012,西和,xihe
3013,礼县,lixian
3014,徽县,huixian
3015,两当,liangdang
3016,临夏,linxia
3017,临夏市,linxiashi
3018,临夏县,linxiaxian
3019,康乐,kangle
3020,永靖,yongjing
3021,广河,guanghe
3022,和政,hezheng
3023,东乡族自治县,dongxiangzuzizhixian
3024,积石山,jishishan
3026,合作,hezuo
3027,临潭,lintan
3028,卓尼,zhuoni
3029,舟曲,zhouqu
3030,迭部,diebu
3031,玛曲,maqu
3032,碌曲,luqu
3033,夏河,xiahe
3034,青海,qinghai
3035,西宁,xining
3036,城东,chengdong
3038,城西,chengxi
3039,城北,chengbei
3040,湟中,huangzhong
3042,湟源,huangyuan
3043,海东,haidong
3044,乐都,ledu
3045,平安,pingan
3046,民和,minhe
3047,互助,huzhu
3048,化隆,hualong
3049,循化,xunhua
3050,海北,haibei
3051,门源,menyuan
3052,祁连,qilian
3053,海晏,haiyan
3054,刚察,gangcha
3055,黄南,huangnan
3056,同仁,tongren
3057,尖扎,jianzha
3058,泽库,zeku
3061,共和,gonghe
3062,同德,tongde
3063,贵德,guide
3064,兴海,xinghai
3065,贵南,guinan
3066,果洛,guoluo
3067,玛沁,maqin
3068,班玛,banma
3069,甘德,gande
3070,达日,dari
3071,久治,jiuzhi
3072,玛多,maduo
3073,玉树,yushu
3074,玉树市,yushushi
3075,杂多,zaduo
3076,称多,chengduo
3077,治多,zhiduo
3078,囊谦,nangqian
3079,曲麻莱,qumalai
3080,海西,haixi
3081,格尔木,geermu
3082,德令哈,delingha
3083,茫崖,mangya
3084,乌兰,wulan
3085,都兰,dulan
3086,天峻,tianjun
3087,大柴旦行政委员会,dachaidanxingzhengweiyuanhui
3088,宁夏,ningxia
3089,银川,yinchuan
3090,兴庆,xingqing
3091,西夏,xixia
3092,金凤,jinfeng
3093,永宁,yongning
3094,贺兰,helan
3095,灵武,lingwu
3096,石嘴山,shizuishan
3097,大武口,dawukou
3098,惠农,huinong
3099,平罗,pingluo
3100,吴忠,wuzhong
3101,利通,litong
3102,红寺堡,hongsibu
3103,盐池,yanchi
3104,同心,tongxin
3105,青铜峡,qingtongxia
3106,固原,guyuan
3107,原州,yuanzhou
3108,西吉,xiji
3109,隆德,longde
3110,泾源,jingyuan
3111,彭阳,pengyang
3112,中卫,zhongwei
3113,沙坡头,shapotou
3114,中宁,zhongning
3115,海原,haiyuan
3116,新疆,xinjiang
3117,乌鲁木齐,wulumuqi
3118,天山,tianshan
3119,沙依巴克区,shayibakequ
3120,新市,xinshi
3121,水磨沟,shuimogou
3122,头屯河,toutunhe
3123,达坂城,dabancheng
3124,米东,midong
3125,乌鲁木齐县,wulumuqixian
3126,克拉玛依,kelamayi
3127,独山子,dushanzi
3128,克拉玛依区,kelamayiqu
3129,白碱滩,baijiantan
3130,乌尔禾,wuerhe
3131,吐鲁番,tulufan
3132,高昌,gaochang
3133,鄯善,shanshan
3134,托克逊,tuokexun
3135,哈密,hami
3136,伊州,yizhou
3137,巴里坤,balikun
3138,伊吾,yiwu
3139,昌吉,changji
3140,昌吉市,changjishi
3141,阜康,fukang
3142,呼图壁,hutubi
3143,玛纳斯,manasi
3144,奇台,qitai
3145,吉木萨尔,jimusaer
3146,木垒,mulei
3147,博尔塔拉,boertala
3148,博乐,bole
3149,阿拉山口,alashankou
3150,精河,jinghe
3151,温泉,wenquan
3152,巴音郭楞,bayinguoleng
3153,库尔勒,kuerle
3154,轮台,luntai
3155,尉犁,yuli
3156,若羌,ruoqiang
3157,且末,qiemo
3158,焉耆,yanqi
3159,和静,hejing
3160,和硕,heshuo
3161,博湖,bohu
3162,阿克苏,akesu
3163,阿克苏市,akesushi
3164,库车,kuche
3165,温宿,wensu
3166,沙雅,shaya
3167,新和,xinhe
3168,拜城,baicheng
3169,乌什,wushi
3170,阿瓦提,awati
3171,柯坪,keping
3172,克孜勒苏,kezilesu
3173,阿图什,atushi
3174,阿克陶,aketao
3175,阿合奇,aheqi
3176,乌恰,wuqia
3177,喀什,kashi
3178,喀什市,kashishi
3179,疏附,shufu
3180,疏勒,shule
3181,英吉沙,yingjisha
3182,泽普,zepu
3183,莎车,shache
3184,叶城,yecheng
3185,麦盖提,maigaiti
3186,岳普湖,yuepuhu
3187,伽师,jiashi
3188,巴楚,bachu
3189,塔什库尔干,tashikuergan
3190,和田,hetian
3191,和田市,hetianshi
3192,和田县,hetianxian
3193,墨玉,moyu
3194,皮山,pishan
3195,洛浦,luopu
3196,策勒,cele
3197,于田,yutian
3198,民丰,minfeng
3199,伊犁,yili
3200,伊宁市,yiningshi
3201,奎屯,kuitun
3202,霍尔果斯,huoerguosi
3203,伊宁县,yiningxian
3204,察布查尔,chabuchaer
3205,霍城,huocheng
3206,巩留,gongliu
3207,新源,xinyuan
3208,昭苏,zhaosu
3209,特克斯,tekesi
3210,尼勒克,nileke
3211,塔城,tacheng
3212,塔城市,tachengshi
3213,乌苏,wusu
3215,额敏,emin
3216,托里,tuoli
3217,裕民,yumin
3218,和布克赛尔,hebukesaier
3219,阿勒泰,aletai
3220,阿勒泰市,aletaishi
3221,布尔津,buerjin
3222,富蕴,fuyun
3223,福海,fuhai
3224,哈巴河,habahe
3225,青河,qinghe
3226,吉木乃,jimunai
3227,石河子,shihezi
3229,阿拉尔,alaer
3231,图木舒克,tumushuke
3233,五家渠,wujiaqu
3235,北屯,beitun
3237,铁门关,tiemenguan
3239,双河,shuanghe
3241,可克达拉,kekedala
3243,昆玉,kunyu
3245,胡杨河,huyanghe
3247,新星,xinxing
3249,台湾,taiwan
3250,台北,taibei
3251,中正,zhongzheng
3256,万华,wanhua
3257,信义,xinyi
3258,士林,shilin
3259,北投,beitou
3260,内湖,neihu
3261,南港,nangang
3263,高雄,gaoxiong
3265,前金,qianjin
3266,苓雅,lingya
3267,盐埕,yancheng
3268,鼓山,gushan
3269,旗津,qijin
3270,前镇,qianzhen
3271,三民,sanmin
3272,左营,zuoying
3273,楠梓,nanzi
3274,小港,xiaogang
3275,仁武,renwu
3276,大社,dashe
3277,冈山,gangshan
3278,路竹,luzhu
3279,阿莲,alian
3280,田寮,tianliao
3281,燕巢,yanchao
3282,桥头,qiaotou
3283,梓官,ziguan
3284,弥陀,mituo
3286,湖内,hunei
3288,大寮,daliao
3289,林园,linyuan
3290,鸟松,niaosong
3291,大树,dashu
3292,旗山,qishan
3293,美浓,meinong
3294,六龟,liugui
3295,内门,neimen
3296,杉林,shanlin
3297,甲仙,jiaxian
3299,那玛夏,namaxia
3300,茂林,maolin
3301,茄萣,qieding
3302,台湾,tainan
3303,中西,zhongxi
3305,南区,nanqu
3306,北区,beiqu
3308,安南,annan
3310,归仁,guiren
3312,左镇,zuozhen
3313,玉井,yujing
3314,楠西,nanxi
3315,南化,nanhua
3316,仁德,rende
3317,关庙,guanmiao
3318,龙崎,longqi
3319,官田,guantian
3320,麻豆,madou
3321,佳里,jiali
3322,西港,xigang
3323,七股,qigu
3324,将军,jiangjun
3325,学甲,xuejia
3326,北门,beimen
3327,新营,xinying
3328,后壁,houbi
3331,六甲,liujia
3332,下营,xiaying
3333,柳营,liuying
3334,盐水,yanshui
3335,善化,shanhua
3336,大内,danei
3337,山上,shanshang
3340,台中,taizhong
3341,中区,zhongqu
3347,西屯,xitun
3348,南屯,nantun
3351,雾峰,wufeng
3352,乌日,wuri
3353,丰原,fengyuan
3354,后里,houli
3355,石冈,shigang
3356,东势,dongshi
3358,新社,xinshe
3359,潭子,tanzi
3360,大雅,daya
3361,神冈,shengang
3362,大肚,dadu
3363,沙鹿,shalu
3365,梧栖,wuqi
3367,大甲,dajia
3368,外埔,waibu
3370,南投,nantou
3371,南投市,nantoushi
3372,中寮,zhongliao
3373,草屯,caotun
3374,国姓,guoxing
3375,埔里,buli
3376,仁爱,renai
3377,名间,mingjian
3378,集集,jiji
3379,水里,shuili
3380,鱼池,yuchi
3383,鹿谷,lugu
3384,基隆,jilong
3389,安乐,anle
3390,暖暖,nuannuan
3391,七堵,qidu
3392,新竹市,xinzhushi
3395,香山,xiangshan
3396,嘉义市,jiayishi
3400,万里,wanli
3402,板桥,banqiao
3403,汐止,xizhi
3404,深坑,shenkeng
3405,石碇,shiding
3406,瑞芳,ruifang
3407,平溪,pingxi
3408,双溪,shuangxi
3409,贡寮,gongliao
3410,新店,xindian
3411,坪林,pinglin
3412,乌来,wulai
3414,中和,zhonghe
3415,土城,tucheng
3416,三峡,sanxia
3417,树林,shulin
3418,莺歌,yingge
3419,三重,sanchong
3420,新庄,xinzhuang
3423,芦洲,luzhou
3424,五股,wugu
3426,淡水,danshui
3427,三芝,sanzhi
3429,宜兰,yilan
3430,宜兰市,yilanshi
3431,头城,toucheng
3432,礁溪,jiaoxi
3433,壮围,zhuangwei
3434,员山,yuanshan
3435,罗东,luodong
3436,三星,sanxing
3438,五结,wujie
3439,冬山,dongshan
3440,苏澳,suao
3442,新竹县,xinzhuxian
3443,竹北,zhubei
3446,新埔,xinbu
3447,关西,guanxi
3448,芎林,xionglin
3450,竹东,zhudong
3453,尖石,jianshi
3454,北埔,beibu
3455,峨眉,emei
3456,桃园,taoyuan
3457,中坜,zhongli
3458,平镇,pingzhen
3460,杨梅,yangmei
3461,新屋,xinwu
3462,观音,guanyin
3463,桃园区,taoyuanqu
3464,龟山,guishan
3465,八德,bade
3466,大溪,daxi
3468,大园,dayuan
3469,芦竹,luzhu
3470,苗栗,miaoli
3471,竹南,zhunan
3472,头份,toufen
3473,三湾,sanwan
3474,南庄,nanzhuang
3475,狮潭,shitan
3476,后龙,houlong
3477,通霄,tongxiao
3478,苑里,yuanli
3479,苗栗市,miaolishi
3480,造桥,zaoqiao
3481,头屋,touwu
3482,公馆,gongguan
3483,大湖,dahu
3485,铜锣,tongluo
3486,三义,sanyi
3488,卓兰,zhuolan
3489,彰化,zhanghua
3490,彰化市,zhanghuashi
3491,芬园,fenyuan
3492,花坛,huatan
3493,秀水,xiushui
3494,鹿港,lugang
3495,福兴,fuxing
3496,线西,xianxi
3497,和美,hemei
3498,伸港,shengang
3499,员林,yuanlin
3500,社头,shetou
3502,埔心,buxin
3504,大村,dacun
3505,埔盐,buyan
3506,田中,tianzhong
3507,北斗,beidou
3508,田尾,tianwei
3509,埤头,pitou
3510,溪州,xizhou
3511,竹塘,zhutang
3512,二林,erlin
3514,芳苑,fangyuan
3515,二水,ershui
3516,嘉义县,jiayixian
3517,番路,fanlu
3518,梅山,meishan
3519,竹崎,zhuqi
3520,阿里山,alishan
3521,中埔,zhongbu
3523,水上,shuishang
3524,鹿草,lucao
3525,太保,taibao
3526,朴子,piaozi
3527,东石,dongshi
3528,六脚,liujiao
3529,新港,xingang
3530,民雄,minxiong
3531,大林,dalin
3532,溪口,xikou
3533,义竹,yizhu
3534,布袋,budai
3535,云林,yunlin
3536,斗南,dounan
3537,大埤,dapi
3538,虎尾,huwei
3539,土库,tuku
3540,褒忠,baozhong
3542,台西,taixi
3543,仑背,lunbei
3544,麦寮,mailiao
3545,斗六,douliu
3546,林内,linnei
3547,古坑,gukeng
3548,莿桐,citong
3549,西螺,xiluo
3550,二仑,erlun
3551,北港,beigang
3552,水林,shuilin
3553,口湖,kouhu
3554,四湖,sihu
3555,元长,yuanchang
3556,屏东,pingdong
3557,屏东市,pingdongshi
3558,三地门,sandimen
3559,雾台,wutai
3560,玛家,majia
3561,九如,jiuru
3562,里港,ligang
3563,高树,gaoshu
3564,盐埔,yanbu
3566,麟洛,linluo
3567,竹田,zhutian
3568,内埔,neibu
3569,万丹,wandan
3571,泰武,taiwu
3572,来义,laiyi
3573,万峦,wanluan
3574,崁顶,kanding
3575,新埤,xinpi
3576,南州,nanzhou
3577,林边,linbian
3579,琉球,liuqiu
3580,佳冬,jiadong
3581,新园,xinyuan
3582,枋寮,fangliao
3583,枋山,fangshan
3584,春日,chunri
3585,狮子,shizi
3586,车城,checheng
3588,恒春,hengchun
3589,满州,manzhou
3590,台东,taidong
3591,台东市,taidongshi
3592,绿岛,lvdao
3593,兰屿,lanyu
3595,卑南,beinan
3596,鹿野,luye
3597,关山,guanshan
3598,海端,haiduan
3599,池上,chishang
3601,成功,chenggong
3602,长滨,changbin
3603,金峰,jinfeng
3604,大武,dawu
3605,达仁,daren
3606,太麻里,taimali
3607,花莲,hualian
3608,花莲市,hualianshi
3610,秀林,xiulin
3612,寿丰,shoufeng
3613,凤林,fenglin
3614,光复,guangfu
3615,丰滨,fengbin
3616,瑞穗,ruisui
3618,玉里,yuli
3619,卓溪,zhuoxi
3620,富里,fuli
3621,澎湖,penghu
3622,马公,magong
3623,西屿,xiyu
3624,望安,wangan
3625,七美,qimei
3627,湖西,huxi
3628,香港,xianggang
3631,澳门,aomen
3634,国外,guowai
