rice_Floor_2,rice_Room203
rice_Floor_5,rice_Room561
rice_HVAC_Zone8,rice_Room527
rice_Floor_3,rice_Room305
rice_HVAC_Zone4,rice_Room524
rice_HVAC_Zone4,rice_Room252
rice_HVAC_Zone6,rice_Room212
rice_Floor_2,rice_Room204
rice_HVAC_Zone1,rice_Room207
rice_HVAC_Zone3,rice_Room206
rice_HVAC_Zone1,rice_Room103
rice_Floor_0,rice_Room57
rice_HVAC_Zone4,rice_Room19
rice_HVAC_Zone2,rice_Room211
rice_HVAC_Zone2,rice_Room101
rice_HVAC_Zone1,rice_Room276
rice_Floor_1,rice_Room1092
rice_HVAC_Zone4,rice_Room502
rice_Floor_5,rice_Room524
rice_HVAC_Zone4,rice_Room32
rice_HVAC_Zone4,rice_Room322
rice_Floor_3,rice_Room324
rice_HVAC_Zone4,rice_Room154
rice_Floor_0,rice_Room50
rice_Floor_5,rice_Room509
rice_HVAC_Zone2,rice_Room122
rice_HVAC_Zone2,rice_Room105
rice_Floor_5,rice_Room521
rice_HVAC_Zone3,rice_Room205
rice_HVAC_Zone5,rice_Room324
rice_Floor_5,rice_Room516
rice_HVAC_Zone2,rice_Room532
rice_Floor_2,rice_Room206
rice_Floor_0,rice_Room20
rice_HVAC_Zone5,rice_Room208
rice_HVAC_Zone6,rice_Room528
rice_Floor_3,rice_Room308
rice_HVAC_Zone6,rice_Room156
rice_Floor_2,rice_Room201
rice_Floor_0,rice_Room17
rice_HVAC_Zone6,rice_Room201
rice_Floor_0,rice_Room11
rice_HVAC_Zone3,rice_Room107
rice_HVAC_Zone1,rice_Room204
rice_Floor_1,rice_Room150
rice_HVAC_Zone4,rice_Room106
rice_Floor_1,rice_Room105
rice_HVAC_Zone4,rice_Room205
rice_HVAC_Zone4,rice_Room211
rice_Floor_0,rice_Room58
rice_HVAC_Zone1,rice_Room212
rice_Floor_2,rice_Room230
rice_HVAC_Zone1,rice_Room150
rice_HVAC_Zone1,rice_Room20
rice_HVAC_Zone2,rice_Room222
rice_HVAC_Zone3,rice_Room552
rice_Floor_1,rice_Room106
rice_HVAC_Zone3,rice_Room503
rice_Floor_0,rice_Room54
rice_HVAC_Zone3,rice_Room224
rice_HVAC_Zone1,rice_Room203
rice_Floor_5,rice_Room536
rice_Floor_5,rice_Room506
rice_Floor_1,rice_Room101
rice_Floor_0,rice_Room15
rice_HVAC_Zone3,rice_Room52
rice_HVAC_Zone2,rice_Room536
rice_HVAC_Zone2,rice_Room7
rice_HVAC_Zone2,rice_Room32
rice_HVAC_Zone2,rice_Room305
rice_Floor_1,rice_Room108
rice_Floor_0,rice_Room52
rice_HVAC_Zone5,rice_Room154
rice_HVAC_Zone1,rice_Room106
rice_Floor_5,rice_Room522
rice_Floor_1,rice_Room102
rice_HVAC_Zone1,rice_Room102
rice_HVAC_Zone1,rice_Room11
rice_HVAC_Zone2,rice_Room521
rice_Floor_5,rice_Room511
rice_HVAC_Zone4,rice_Room203
rice_HVAC_Zone2,rice_Room108
rice_HVAC_Zone1,rice_Room308
rice_HVAC_Zone1,rice_Room230
rice_Floor_2,rice_Room220
rice_HVAC_Zone1,rice_Room13
rice_HVAC_Zone3,rice_Room32
rice_HVAC_Zone2,rice_Room252
rice_Floor_5,rice_Room542
rice_HVAC_Zone3,rice_Room7
rice_Floor_2,rice_Room211
rice_HVAC_Zone2,rice_Room513
rice_Floor_1,rice_Room160
rice_HVAC_Zone3,rice_Room17
rice_Floor_0,rice_Room19
rice_Floor_5,rice_Room526
rice_HVAC_Zone6,rice_Room557
rice_HVAC_Zone5,rice_Room501
rice_HVAC_Zone3,rice_Room103
rice_Floor_1,rice_Room156
rice_Floor_0,rice_Room13
rice_HVAC_Zone7,rice_Room552
rice_HVAC_Zone6,rice_Room54
rice_HVAC_Zone1,rice_Room259
rice_Floor_1,rice_Room1072
rice_HVAC_Zone2,rice_Room542
rice_Floor_2,rice_Room209
rice_Floor_5,rice_Room503
rice_Floor_2,rice_Room276
rice_HVAC_Zone2,rice_Room511
rice_Floor_5,rice_Room514
rice_Floor_5,rice_Room530
rice_HVAC_Zone2,rice_Room202
rice_Floor_2,rice_Room202
rice_HVAC_Zone4,rice_Room11
rice_Floor_1,rice_Room122
rice_HVAC_Zone2,rice_Room504
rice_HVAC_Zone2,rice_Room232
rice_HVAC_Zone2,rice_Room209
rice_Floor_2,rice_Room259
rice_Floor_1,rice_Room128
rice_HVAC_Zone5,rice_Room202
rice_Floor_2,rice_Room208
rice_HVAC_Zone2,rice_Room516
rice_HVAC_Zone2,rice_Room204
rice_HVAC_Zone3,rice_Room128
rice_Floor_0,rice_Room59
rice_Floor_5,rice_Room501
rice_Floor_5,rice_Room512
rice_HVAC_Zone5,rice_Room54
rice_HVAC_Zone3,rice_Room104
rice_Floor_5,rice_Room532
rice_HVAC_Zone3,rice_Room522
rice_HVAC_Zone4,rice_Room509
rice_HVAC_Zone2,rice_Room242
rice_HVAC_Zone3,rice_Room201
rice_HVAC_Zone1,rice_Room322
rice_Floor_5,rice_Room552
rice_Floor_5,rice_Room527
rice_Floor_3,rice_Room326
rice_HVAC_Zone5,rice_Room508
rice_Floor_1,rice_Room104
rice_HVAC_Zone4,rice_Room102
rice_HVAC_Zone4,rice_Room209
rice_Floor_2,rice_Room207
rice_Floor_0,rice_Room7
rice_Floor_2,rice_Room232
rice_HVAC_Zone2,rice_Room226
rice_HVAC_Zone1,rice_Room220
rice_HVAC_Zone3,rice_Room306
rice_HVAC_Zone7,rice_Room506
rice_Floor_5,rice_Room534
rice_HVAC_Zone5,rice_Room59
rice_HVAC_Zone2,rice_Room15
rice_Floor_1,rice_Room107
rice_Floor_5,rice_Room557
rice_HVAC_Zone1,rice_Room208
rice_Floor_2,rice_Room222
rice_HVAC_Zone1,rice_Room58
rice_Floor_5,rice_Room507
rice_HVAC_Zone5,rice_Room57
rice_Floor_5,rice_Room505
rice_HVAC_Zone5,rice_Room526
rice_Floor_1,rice_Room1091
rice_Floor_0,rice_Room32
rice_Floor_0,rice_Room24
rice_HVAC_Zone5,rice_Room156
rice_HVAC_Zone5,rice_Room101
rice_HVAC_Zone8,rice_Room557
rice_Floor_5,rice_Room504
rice_HVAC_Zone1,rice_Room50
rice_Floor_5,rice_Room502
rice_Floor_5,rice_Room528
rice_Floor_2,rice_Room210
rice_HVAC_Zone3,rice_Room561
rice_Floor_2,rice_Room205
rice_Floor_2,rice_Room228
rice_Floor_2,rice_Room242
rice_HVAC_Zone3,rice_Room210
rice_HVAC_Zone2,rice_Room230
rice_Floor_3,rice_Room306
rice_HVAC_Zone1,rice_Room228
rice_Floor_1,rice_Room154
rice_Floor_2,rice_Room212
rice_HVAC_Zone6,rice_Room507
rice_HVAC_Zone2,rice_Room24
rice_Floor_1,rice_Room103
rice_Floor_2,rice_Room224
rice_Floor_2,rice_Room226
rice_HVAC_Zone3,rice_Room511
rice_Floor_3,rice_Room322
rice_Floor_1,rice_Room1071
rice_Floor_5,rice_Room508
rice_HVAC_Zone2,rice_Room207
rice_Floor_2,rice_Room252
rice_Floor_5,rice_Room513
