brick_Heating_Demand_Setpoint,brick_Heating_Request_Setpoint
brick_AHU_Supply_Air_Temperature_Setpoint,brick_AHU_Discharge_Air_Temperature_Setpoint
brick_Chilled_Water_Discharge_Flow_Sensor,brick_Chilled_Water_Supply_Flow_Sensor
brick_Supply_Fan_Piezoelectric_Sensor,brick_Discharge_Fan_Piezoelectric_Sensor
brick_VAV_Heating_Min_Supply_Air_Flow_Setpoint,brick_VAV_Heating_Min_Discharge_Air_Flow_Setpoint
brick_Discharge_Air_Static_Pressure_Setpoint,brick_Supply_Air_Static_Pressure_Setpoint
brick_AHU_Discharge_Air_Static_Pressure_Setpoint,brick_AHU_Supply_Air_Static_Pressure_Setpoint
brick_CWS,brick_Chilled_Water_System
brick_HWS_Hot_Water_Discharge_Temperature_Sensor,brick_HWS_Hot_Water_Supply_Temperature_Sensor
brick_AHU_Supply_Air_Temperature_Setpoint_Increase_Decrease_Step,brick_AHU_Discharge_Air_Temperature_Setpoint_Increase_Decrease_Step
brick_Medium_Temperature_Hot_Water_Supply_Temperature_High_Reset_Setpoint,brick_Medium_Temperature_Hot_Water_Discharge_Temperature_High_Reset_Setpoint
brick_Domestic_Hot_Water_Supply_Temperature_Setpoint,brick_Domestic_Hot_Water_Discharge_Temperature_Setpoint
brick_Min_Supply_Air_Static_Pressure_Setpoint,brick_Min_Discharge_Air_Static_Pressure_Setpoint
brick_AHU_Supply_Air_Temperature_Cooling_Setpoint,brick_AHU_Discharge_Air_Temperature_Cooling_Setpoint
brick_Cooling_Supply_Air_Temperature_Proportional_Band_Setpoint,brick_Cooling_Discharge_Air_Temperature_Proportional_Band_Setpoint
brick_AHU_Heat_Wheel_Supply_Air_Temperature_Sensor,brick_AHU_Heat_Wheel_Discharge_Air_Temperature_Sensor
brick_Chilled_Water_Discharge_Temperature_Sensor,brick_Chilled_Water_Supply_Temperature_Sensor
brick_Fan_Coil_Unit,brick_FCU
brick_Supply_Air_Velocity_Pressure_Sensor,brick_Discharge_Air_Velocity_Pressure_Sensor
brick_HWS_Heat_Exchanger_Supply_Water_Temperature_Integral_Time_Setpoint,brick_HWS_Heat_Exchanger_Discharge_Water_Temperature_Integral_Time_Setpoint
brick_HX,brick_Heat_Exchanger
brick_Discharge_Fan_VFD_Speed_Sensor,brick_Supply_Fan_VFD_Speed_Sensor
brick_Occupancy_Command,brick_Occupied_Command
brick_CRAC_On_Off_Status,brick_CRAC_Start_Stop_Status
brick_Preheat_Discharge_Air_Temperature_Sensor,brick_Preheat_Supply_Air_Temperature_Sensor
brick_FCU_Discharge_Air_Temperature_Cooling_Setpoint,brick_FCU_Supply_Air_Temperature_Cooling_Setpoint
brick_Discharge_Air_Flow_Demand_Setpoint,brick_Supply_Air_Flow_Demand_Setpoint
brick_Discharge_Air_Temperature_High_Limit_Alarm,brick_Supply_Air_Temperature_High_Limit_Alarm
brick_DHWS_Domestic_Hot_Water_Discharge_Temperature_Sensor,brick_DHWS_Domestic_Hot_Water_Supply_Temperature_Sensor
brick_AHU_Discharge_Air_Static_Pressure_Sensor,brick_AHU_Supply_Air_Static_Pressure_Sensor
brick_Heat_Wheel_Discharge_Air_Temperature_Sensor,brick_Heat_Wheel_Supply_Air_Temperature_Sensor
brick_Heating_Supply_Air_Temperature_Proportional_Band_Setpoint,brick_Heating_Discharge_Air_Temperature_Proportional_Band_Setpoint
brick_Heating_Discharge_Air_Temperature_Dead_Band_Setpoint,brick_Heating_Supply_Air_Temperature_Dead_Band_Setpoint
brick_FCP,brick_Fire_Control_Panel
brick_HVAC_Warmest_Zone_Temperature_Sensor,brick_HVAC_Highest_Zone_Temperature_Sensor
brick_AHU_Min_Discharge_Air_Static_Pressure_Setpoint,brick_AHU_Min_Supply_Air_Static_Pressure_Setpoint
brick_AHU_Supply_Air_Temperature_Reset_Differential_Setpoint,brick_AHU_Discharge_Air_Temperature_Reset_Differential_Setpoint
brick_AHU_Supply_Fan_Air_Flow_Sensor,brick_AHU_Discharge_Fan_Air_Flow_Sensor
brick_VAV_Occupied_Cooling_Min_Supply_Air_Flow_Setpoint,brick_VAV_Occupied_Cooling_Min_Discharge_Air_Flow_Setpoint
brick_VAV_Discharge_Air_Flow_Command,brick_VAV_Supply_Air_Flow_Command
brick_CWS_Discharge_Water_Temperature_Setpoint,brick_CWS_Supply_Water_Temperature_Setpoint
brick_Heating_Ventilation_Air_Conditioning_System,brick_HVAC
brick_HVAC_Average_Discharge_Air_Flow_Sensor,brick_HVAC_Average_Supply_Air_Flow_Sensor
brick_Occupied_Heating_Min_Supply_Air_Flow_Setpoint,brick_Occupied_Heating_Min_Discharge_Air_Flow_Setpoint
brick_AHU_Discharge_Fan_VFD_Speed_Command,brick_AHU_Supply_Fan_VFD_Speed_Command
brick_VAV,brick_Variable_Air_Volume
brick_Medium_Temperature_Hot_Water_Supply_Temperature_Low_Reset_Setpoint,brick_Medium_Temperature_Hot_Water_Discharge_Temperature_Low_Reset_Setpoint
brick_DemandResponse_Medium_Temperature_Hot_Water_Supply_Temperature_Load_Shed_Setpoint,brick_DemandResponse_Medium_Temperature_Hot_Water_Discharge_Temperature_Load_Shed_Setpoint
brick_DemandResponse_Medium_Temperature_Hot_Water_Supply_Temperature_Load_Shed_Status,brick_DemandResponse_Medium_Temperature_Hot_Water_Discharge_Temperature_Load_Shed_Status
brick_FCU_Supply_Fan_VFD_Speed_Sensor,brick_FCU_Discharge_Fan_VFD_Speed_Sensor
brick_Water_System,brick_WS
brick_VAV_Cooling_Demand_Setpoint,brick_VAV_Cooling_Request_Setpoint
brick_CWS_Chilled_Water_Supply_Temperature_Sensor,brick_CWS_Chilled_Water_Discharge_Temperature_Sensor
brick_Discharge_Air_Temperature_Cooling_Setpoint,brick_Supply_Air_Temperature_Cooling_Setpoint
brick_AHU_Discharge_Fan_Command,brick_AHU_Supply_Fan_Command
brick_VAV_Heating_Request_Setpoint,brick_VAV_Heating_Demand_Setpoint
brick_AHU_Max_Discharge_Air_Temperature_Setpoint,brick_AHU_Max_Supply_Air_Temperature_Setpoint
brick_Heat_Exchanger_Supply_Water_Temperature_Dead_Band_Setpoint,brick_Heat_Exchanger_Discharge_Water_Temperature_Dead_Band_Setpoint
brick_Discharge_Fan_Start_Stop_Command,brick_Supply_Fan_Start_Stop_Command
brick_Economizer_Discharge_Air_Temperature_Proportional_Band_Setpoint,brick_Economizer_Supply_Air_Temperature_Proportional_Band_Setpoint
brick_HWS_Medium_Temperature_Hot_Water_Supply_Temperature_Low_Reset_Setpoint,brick_HWS_Medium_Temperature_Hot_Water_Discharge_Temperature_Low_Reset_Setpoint
brick_VAV_Discharge_Air_Temperature_Sensor,brick_VAV_Supply_Air_Temperature_Sensor
brick_VAV_Discharge_Air_Temperature_Setpoint,brick_VAV_Supply_Air_Temperature_Setpoint
brick_AHU_Supply_Air_Temperature_Reset_Low_Setpoint,brick_AHU_Discharge_Air_Temperature_Reset_Low_Setpoint
brick_Supply_Air_Temperature_Reset_High_Setpoint,brick_Discharge_Air_Temperature_Reset_High_Setpoint
brick_VAV_Occupied_Cooling_Max_Discharge_Air_Flow_Setpoint,brick_VAV_Occupied_Cooling_Max_Supply_Air_Flow_Setpoint
brick_Occupied_Cooling_Min_Discharge_Air_Flow_Setpoint,brick_Occupied_Cooling_Min_Supply_Air_Flow_Setpoint
brick_Discharge_Fan_VFD_Speed_Command,brick_Supply_Fan_VFD_Speed_Command
brick_VAV_Occupied_Heating_Max_Discharge_Air_Flow_Setpoint,brick_VAV_Occupied_Heating_Max_Supply_Air_Flow_Setpoint
brick_AHU_Discharge_Air_Temperature_Sensor,brick_AHU_Supply_Air_Temperature_Sensor
brick_AHU_Heating_Supply_Air_Temperature_Dead_Band_Setpoint,brick_AHU_Heating_Discharge_Air_Temperature_Dead_Band_Setpoint
brick_HWS_High_Temperature_Hot_Water_Supply_Temperature_Sensor,brick_HWS_High_Temperature_Hot_Water_Discharge_Temperature_Sensor
brick_Supply_Air_Temperature_Heating_Setpoint,brick_Discharge_Air_Temperature_Heating_Setpoint
brick_AHU_Discharge_Air_Flow_Demand_Setpoint,brick_AHU_Supply_Air_Flow_Demand_Setpoint
brick_AHU_Supply_Air_Humidity_Sensor,brick_AHU_Discharge_Air_Humidity_Sensor
brick_HWS_Heat_Exchanger_Discharge_Water_Temperature_Sensor,brick_HWS_Heat_Exchanger_Supply_Water_Temperature_Sensor
brick_VAV_Occupied_Cooling_Min_Discharge_Air_Flow_Setpoint,brick_VAV_Occupied_Cooling_Min_Supply_Air_Flow_Setpoint
brick_Heat_Exchanger_Discharge_Water_Temperature_Proportional_Band_Setpoint,brick_Heat_Exchanger_Supply_Water_Temperature_Proportional_Band_Setpoint
brick_Boiler_Start_Stop_Status,brick_Boiler_On_Off_Status
brick_Manual_Auto_Status,brick_Hand_Auto_Status
brick_FCU_Supply_Fan_VFD_Speed_Status,brick_FCU_Discharge_Fan_VFD_Speed_Status
brick_Zone_Heating_Temperature_Setpoint,brick_Zone_Temperature_Low_Setpoint
brick_VAV_Cooling_Min_Supply_Air_Flow_Setpoint,brick_VAV_Cooling_Min_Discharge_Air_Flow_Setpoint
brick_FCU_Supply_Air_Temperature_Sensor,brick_FCU_Discharge_Air_Temperature_Sensor
brick_AHU_Discharge_Air_Temperature_Setpoint,brick_AHU_Supply_Air_Temperature_Setpoint
brick_AHU_Highest_Zone_Temperature_Sensor,brick_AHU_Warmest_Zone_Temperature_Sensor
brick_DHWS_Domestic_Hot_Water_Supply_Temperature_Setpoint,brick_DHWS_Domestic_Hot_Water_Discharge_Temperature_Setpoint
brick_VAV_Heating_Max_Supply_Air_Flow_Setpoint,brick_VAV_Heating_Max_Discharge_Air_Flow_Setpoint
brick_AHU_Discharge_Fan_Start_Stop_Status,brick_AHU_Supply_Fan_Start_Stop_Status
brick_AHU_Economizer_Discharge_Air_Temperature_Proportional_Band_Setpoint,brick_AHU_Economizer_Supply_Air_Temperature_Proportional_Band_Setpoint
brick_Return_Supply_Fan_Differential_Speed_Setpoint,brick_Return_Discharge_Fan_Differential_Speed_Setpoint
brick_Occupied_Heating_Max_Supply_Air_Flow_Setpoint,brick_Occupied_Heating_Max_Discharge_Air_Flow_Setpoint
brick_VAV_Supply_Air_Temperature_Cooling_Setpoint,brick_VAV_Discharge_Air_Temperature_Cooling_Setpoint
brick_AHU_Supply_Air_Temperature_High_Limit_Alarm,brick_AHU_Discharge_Air_Temperature_High_Limit_Alarm
brick_AHU_Supply_Fan_VFD_Speed_Sensor,brick_AHU_Discharge_Fan_VFD_Speed_Sensor
brick_AHU_Supply_Fan_Start_Stop_Command,brick_AHU_Discharge_Fan_Start_Stop_Command
brick_Air_Handler_Unit,brick_AHU
brick_Economizer_Supply_Air_Temperature_Dead_Band_Setpoint,brick_Economizer_Discharge_Air_Temperature_Dead_Band_Setpoint
brick_VAV_Heating_Discharge_Air_Flow_Setpoint,brick_VAV_Heating_Supply_Air_Flow_Setpoint
brick_Average_Supply_Air_Flow_Sensor,brick_Average_Discharge_Air_Flow_Sensor
brick_Supply_Air_Damper_Max_Position_Setpoint,brick_Discharge_Air_Damper_Max_Position_Setpoint
brick_Water_Discharge_Temperature_Sensor,brick_Water_Supply_Temperature_Sensor
brick_AHU_Cooling_Discharge_Air_Temperature_Integral_Time_Setpoint,brick_AHU_Cooling_Supply_Air_Temperature_Integral_Time_Setpoint
brick_Cooling_Discharge_Air_Temperature_Dead_Band_Setpoint,brick_Cooling_Supply_Air_Temperature_Dead_Band_Setpoint
brick_Discharge_Fan_Command,brick_Supply_Fan_Command
brick_AHU_Heating_Demand_Setpoint,brick_AHU_Heating_Request_Setpoint
brick_VAV_Occupied_Command,brick_VAV_Occupancy_Command
brick_AHU_Supply_Air_Temperature_Reset_High_Setpoint,brick_AHU_Discharge_Air_Temperature_Reset_High_Setpoint
brick_VAV_Supply_Air_Temperature_Heating_Setpoint,brick_VAV_Discharge_Air_Temperature_Heating_Setpoint
brick_VAV_Discharge_Air_Flow_Sensor,brick_VAV_Supply_Air_Flow_Sensor
brick_Hot_Water_Supply_Temperature_Sensor,brick_Hot_Water_Discharge_Temperature_Sensor
brick_Chiller_Start_Stop_Status,brick_Chiller_On_Off_Status
brick_Discharge_Air_Temperature_Setpoint,brick_Supply_Air_Temperature_Setpoint
brick_Supply_Air_Flow_Command,brick_Discharge_Air_Flow_Command
brick_Supply_Air_Humidity_Sensor,brick_Discharge_Air_Humidity_Sensor
brick_AHU_Discharge_Air_Static_Pressure_Proportional_Band_Setpoint,brick_AHU_Supply_Air_Static_Pressure_Proportional_Band_Setpoint
brick_VAV_Occupied_Heating_Max_Supply_Air_Flow_Setpoint,brick_VAV_Occupied_Heating_Max_Discharge_Air_Flow_Setpoint
brick_Hot_Water_System,brick_HWS
brick_Domestic_Hot_Water_System,brick_DHWS
brick_Medium_Temperature_Hot_Water_Discharge_Temperature_Sensor,brick_Medium_Temperature_Hot_Water_Supply_Temperature_Sensor
brick_AHU_Cooling_Request_Setpoint,brick_AHU_Cooling_Demand_Setpoint
brick_Supply_Air_Temperature_Setpoint_Increase_Decrease_Step,brick_Discharge_Air_Temperature_Setpoint_Increase_Decrease_Step
brick_AHU_Lowest_Zone_Temperature_Sensor,brick_AHU_Coldest_Zone_Temperature_Sensor
brick_Water_System_DI_Water_Level_Sensor,brick_Water_System_Deionised_Water_Level_Sensor
brick_AHU_Discharge_Fan_VFD_Speed_Setpoint,brick_AHU_Supply_Fan_VFD_Speed_Setpoint
brick_Supply_Air_Static_Pressure_Dead_Band_Setpoint,brick_Discharge_Air_Static_Pressure_Dead_Band_Setpoint
brick_Heating_Discharge_Air_Flow_Setpoint,brick_Heating_Supply_Air_Flow_Setpoint
brick_AHU_Min_Supply_Air_Temperature_Setpoint,brick_AHU_Min_Discharge_Air_Temperature_Setpoint
brick_VAV_Occupied_Cooling_Discharge_Air_Flow_Setpoint,brick_VAV_Occupied_Cooling_Supply_Air_Flow_Setpoint
brick_AHU_Cooling_Discharge_Air_Temperature_Dead_Band_Setpoint,brick_AHU_Cooling_Supply_Air_Temperature_Dead_Band_Setpoint
brick_AHU_Economizer_Supply_Air_Temperature_Dead_Band_Setpoint,brick_AHU_Economizer_Discharge_Air_Temperature_Dead_Band_Setpoint
brick_HWS_Medium_Temperature_Hot_Water_Discharge_Temperature_Sensor,brick_HWS_Medium_Temperature_Hot_Water_Supply_Temperature_Sensor
brick_AHU_Discharge_Air_Smoke_Detected_Alarm,brick_AHU_Supply_Air_Smoke_Detected_Alarm
brick_Supply_Fan_Supply_Air_Static_Pressure_Proportional_Band_Setpoint,brick_Supply_Fan_Discharge_Air_Static_Pressure_Proportional_Band_Setpoint
brick_Supply_Fan_Status,brick_Discharge_Fan_Status
brick_VAV_Occupied_Heating_Discharge_Air_Flow_Setpoint,brick_VAV_Occupied_Heating_Supply_Air_Flow_Setpoint
brick_Cooling_Demand_Setpoint,brick_Cooling_Request_Setpoint
brick_Discharge_Air_Temperature_Sensor,brick_Supply_Air_Temperature_Sensor
brick_VAV_Discharge_Air_Duct_Pressure_Status,brick_VAV_Supply_Air_Duct_Pressure_Status
brick_AHU_Preheat_Supply_Air_Temperature_Sensor,brick_AHU_Preheat_Discharge_Air_Temperature_Sensor
brick_AHU_Cooling_Discharge_Air_Temperature_Proportional_Band_Setpoint,brick_AHU_Cooling_Supply_Air_Temperature_Proportional_Band_Setpoint
brick_Water_System_Deionised_Water_Alarm,brick_Water_System_DI_Water_Alarm
brick_Zone_Temperature_Low_Setpoint,brick_Zone_Heating_Temperature_Setpoint
brick_Supply_Water_Temperature_Setpoint,brick_Discharge_Water_Temperature_Setpoint
brick_VAV_Discharge_Air_Flow_Setpoint,brick_VAV_Supply_Air_Flow_Setpoint
brick_DI_Water,brick_Deionised_Water
brick_Discharge_Fan_VFD_Speed_Setpoint,brick_Supply_Fan_VFD_Speed_Setpoint
brick_Occupied_Cooling_Discharge_Air_Flow_Setpoint,brick_Occupied_Cooling_Supply_Air_Flow_Setpoint
brick_VAV_Cooling_Max_Supply_Air_Flow_Setpoint,brick_VAV_Cooling_Max_Discharge_Air_Flow_Setpoint
brick_AHU_Supply_Air_Static_Pressure_Proportional_Band_Setpoint,brick_AHU_Discharge_Air_Static_Pressure_Proportional_Band_Setpoint
brick_VFD,brick_Variable_Frequency_Drive
brick_FCU_Supply_Air_Temperature_Setpoint,brick_FCU_Discharge_Air_Temperature_Setpoint
brick_Max_Discharge_Air_Static_Pressure_Setpoint,brick_Max_Supply_Air_Static_Pressure_Setpoint
brick_FCU_Discharge_Fan_VFD_Speed_Status,brick_FCU_Supply_Fan_VFD_Speed_Status
brick_AHU_Supply_Air_Temperature_Heating_Setpoint,brick_AHU_Discharge_Air_Temperature_Heating_Setpoint
brick_AHU_Occupancy_Command,brick_AHU_Occupied_Command
brick_Discharge_Air_Flow_Sensor,brick_Supply_Air_Flow_Sensor
brick_High_Temperature_Hot_Water_Discharge_Temperature_Sensor,brick_High_Temperature_Hot_Water_Supply_Temperature_Sensor
brick_AHU_Supply_Air_Static_Pressure_Integral_Time_Setpoint,brick_AHU_Discharge_Air_Static_Pressure_Integral_Time_Setpoint
brick_Cooling_Coil_Discharge_Air_Temperature_Sensor,brick_Cooling_Coil_Supply_Air_Temperature_Sensor
brick_AHU_Discharge_Fan_VFD_Speed_Status,brick_AHU_Supply_Fan_VFD_Speed_Status
brick_Discharge_Air_Smoke_Detected_Alarm,brick_Supply_Air_Smoke_Detected_Alarm
brick_VAV_Supply_Air_Velocity_Pressure_Sensor,brick_VAV_Discharge_Air_Velocity_Pressure_Sensor
brick_Domestic_Hot_Water_Discharge_Temperature_Sensor,brick_Domestic_Hot_Water_Supply_Temperature_Sensor
brick_AHU_Heating_Supply_Air_Temperature_Proportional_Band_Setpoint,brick_AHU_Heating_Discharge_Air_Temperature_Proportional_Band_Setpoint
brick_HWS_Medium_Temperature_Hot_Water_Supply_Temperature_High_Reset_Setpoint,brick_HWS_Medium_Temperature_Hot_Water_Discharge_Temperature_High_Reset_Setpoint
brick_Discharge_Fan_Air_Flow_Sensor,brick_Supply_Fan_Air_Flow_Sensor
brick_Discharge_Fan_Start_Stop_Status,brick_Supply_Fan_Start_Stop_Status
brick_DHWS_Domestic_Hot_Water_Supply_Temperature_Sensor,brick_DHWS_Domestic_Hot_Water_Discharge_Temperature_Sensor
brick_Medium_Temperature_Hot_Water_Supply_Temperature_Load_Shed_Status,brick_Medium_Temperature_Hot_Water_Discharge_Temperature_Load_Shed_Status
brick_DI_Water_Alarm,brick_Deionised_Water_Alarm
brick_HVAC_Coldest_Zone_Temperature_Sensor,brick_HVAC_Lowest_Zone_Temperature_Sensor
brick_Start_Stop_Status,brick_On_Off_Status
brick_AHU_Cooling_Coil_Supply_Air_Temperature_Sensor,brick_AHU_Cooling_Coil_Discharge_Air_Temperature_Sensor
brick_Cooling_Max_Supply_Air_Flow_Setpoint,brick_Cooling_Max_Discharge_Air_Flow_Setpoint
brick_AHU_Cooling_Supply_Air_Temperature_Dead_Band_Setpoint,brick_AHU_Cooling_Discharge_Air_Temperature_Dead_Band_Setpoint
brick_HWS_Supply_Water_Temperature_Setpoint,brick_HWS_Discharge_Water_Temperature_Setpoint
brick_AHU_Economizer_Discharge_Air_Temperature_Dead_Band_Setpoint,brick_AHU_Economizer_Supply_Air_Temperature_Dead_Band_Setpoint
brick_Discharge_Air_Static_Pressure_Increase_Decrease_Step_Setpoint,brick_Supply_Air_Static_Pressure_Increase_Decrease_Step_Setpoint
brick_Supply_Air_Temperature_Reset_Differential_Setpoint,brick_Discharge_Air_Temperature_Reset_Differential_Setpoint
brick_Heating_Max_Supply_Air_Flow_Setpoint,brick_Heating_Max_Discharge_Air_Flow_Setpoint
brick_AHU_Supply_Air_Static_Pressure_Dead_Band_Setpoint,brick_AHU_Discharge_Air_Static_Pressure_Dead_Band_Setpoint
brick_Discharge_Fan_VFD_Speed_Status,brick_Supply_Fan_VFD_Speed_Status
brick_Supply_Fan_Discharge_Air_Static_Pressure_Integral_Time_Setpoint,brick_Supply_Fan_Supply_Air_Static_Pressure_Integral_Time_Setpoint
brick_VAV_Occupied_Heating_Min_Supply_Air_Flow_Setpoint,brick_VAV_Occupied_Heating_Min_Discharge_Air_Flow_Setpoint
brick_Preheat_Supply_Air_Temperature_Sensor,brick_Preheat_Discharge_Air_Temperature_Sensor
brick_Heating_Min_Supply_Air_Flow_Setpoint,brick_Heating_Min_Discharge_Air_Flow_Setpoint
brick_VFD_Manual_Auto_Status,brick_VFD_Hand_Auto_Status
brick_CO2_Differential_Sensor,brick_CO2_Sensor
brick_FCU_Supply_Fan_VFD_Speed_Command,brick_FCU_Discharge_Fan_VFD_Speed_Command
brick_Computer_Room_Air_Conditioning,brick_CRAC
brick_AHU_Max_Supply_Air_Static_Pressure_Setpoint,brick_AHU_Max_Discharge_Air_Static_Pressure_Setpoint
brick_Deionised_Water_Level_Sensor,brick_DI_Water_Level_Sensor
brick_Occupied_Cooling_Max_Discharge_Air_Flow_Setpoint,brick_Occupied_Cooling_Max_Supply_Air_Flow_Setpoint
brick_AHU_Supply_Air_Static_Pressure_Increase_Decrease_Step_Setpoint,brick_AHU_Discharge_Air_Static_Pressure_Increase_Decrease_Step_Setpoint
brick_HWS_Heat_Exchanger_Supply_Water_Temperature_Setpoint,brick_HWS_Heat_Exchanger_Discharge_Water_Temperature_Setpoint
brick_Condensor,brick_Condenser
brick_CWS_Chilled_Water_Supply_Flow_Sensor,brick_CWS_Chilled_Water_Discharge_Flow_Sensor
brick_Heat_Exchanger_Discharge_Water_Temperature_Integral_Time_Setpoint,brick_Heat_Exchanger_Supply_Water_Temperature_Integral_Time_Setpoint
brick_VFD_On_Off_Status,brick_VFD_Start_Stop_Status
brick_Discharge_Air_Static_Pressure_Integral_Time_Setpoint,brick_Supply_Air_Static_Pressure_Integral_Time_Setpoint
brick_Medium_Temperature_Hot_Water_Discharge_Temperature_Load_Shed_Setpoint,brick_Medium_Temperature_Hot_Water_Supply_Temperature_Load_Shed_Setpoint
brick_Supply_Fan_Command,brick_Discharge_Fan_Command
brick_VAV_Unoccupied_Cooling_Discharge_Air_Flow_Setpoint,brick_VAV_Unoccupied_Cooling_Supply_Air_Flow_Setpoint
brick_Solar_Panel_PV_Current_Output_Sensor,brick_Solar_Panel_Photovoltaic_Current_Output_Sensor
brick_Unoccupied_Cooling_Discharge_Air_Flow_Setpoint,brick_Unoccupied_Cooling_Supply_Air_Flow_Setpoint
brick_HWS_Heat_Exchanger_Supply_Water_Temperature_Proportional_Band_Setpoint,brick_HWS_Heat_Exchanger_Discharge_Water_Temperature_Proportional_Band_Setpoint
brick_Supply_Air_Flow_Setpoint,brick_Discharge_Air_Flow_Setpoint
brick_Min_Discharge_Air_Temperature_Setpoint,brick_Min_Supply_Air_Temperature_Setpoint
brick_Discharge_Air_Temperature_Reset_High_Setpoint,brick_Supply_Air_Temperature_Reset_High_Setpoint
brick_Coldest_Zone_Temperature_Sensor,brick_Lowest_Zone_Temperature_Sensor
brick_Warmest_Zone_Temperature_Sensor,brick_Highest_Zone_Temperature_Sensor
brick_VAV_Supply_Air_Flow_Setpoint,brick_VAV_Discharge_Air_Flow_Setpoint
brick_HWS_Heat_Exchanger_Discharge_Water_Temperature_Dead_Band_Setpoint,brick_HWS_Heat_Exchanger_Supply_Water_Temperature_Dead_Band_Setpoint
brick_VAV_Occupancy_Command,brick_VAV_Occupied_Command
brick_Supply_Air_Static_Pressure_Sensor,brick_Discharge_Air_Static_Pressure_Sensor
brick_Max_Supply_Air_Temperature_Setpoint,brick_Max_Discharge_Air_Temperature_Setpoint
brick_Supply_Air_Static_Pressure_Proportional_Band_Setpoint,brick_Discharge_Air_Static_Pressure_Proportional_Band_Setpoint
brick_Zone_Temperature_High_Setpoint,brick_Zone_Cooling_Temperature_Setpoint
brick_AHU_Supply_Fan_Piezoelectric_Sensor,brick_AHU_Discharge_Fan_Piezoelectric_Sensor
brick_FCU_Discharge_Fan_VFD_Speed_Setpoint,brick_FCU_Supply_Fan_VFD_Speed_Setpoint
brick_Water_System_Discharge_Water_Temperature_Setpoint,brick_Water_System_Supply_Water_Temperature_Setpoint
brick_Cooling_Discharge_Air_Temperature_Integral_Time_Setpoint,brick_Cooling_Supply_Air_Temperature_Integral_Time_Setpoint
brick_AHU_Discharge_Fan_Status,brick_AHU_Supply_Fan_Status
brick_Water_System_Water_Supply_Temperature_Sensor,brick_Water_System_Water_Discharge_Temperature_Sensor
brick_Occupied_Heating_Discharge_Air_Flow_Setpoint,brick_Occupied_Heating_Supply_Air_Flow_Setpoint
brick_Heat_Exchanger_Discharge_Water_Temperature_Sensor,brick_Heat_Exchanger_Supply_Water_Temperature_Sensor
brick_AHU_Heating_Discharge_Air_Temperature_Integral_Time_Setpoint,brick_AHU_Heating_Supply_Air_Temperature_Integral_Time_Setpoint
brick_Photovoltaic_Current_Output_Sensor,brick_PV_Current_Output_Sensor
brick_Deionised_Water,brick_DI_Water
brick_AHU_Return_Supply_Fan_Differential_Speed_Setpoint,brick_AHU_Return_Discharge_Fan_Differential_Speed_Setpoint
brick_AHU_Supply_Air_Static_Pressure_Setpoint,brick_AHU_Discharge_Air_Static_Pressure_Setpoint
brick_FCU_Supply_Air_Temperature_Heating_Setpoint,brick_FCU_Discharge_Air_Temperature_Heating_Setpoint
brick_Heat_Exchanger_Discharge_Water_Temperature_Setpoint,brick_Heat_Exchanger_Supply_Water_Temperature_Setpoint
brick_Supply_Air_Duct_Pressure_Status,brick_Discharge_Air_Duct_Pressure_Status
brick_Heating_Supply_Air_Temperature_Integral_Time_Setpoint,brick_Heating_Discharge_Air_Temperature_Integral_Time_Setpoint
brick_Discharge_Air_Temperature_Reset_Low_Setpoint,brick_Supply_Air_Temperature_Reset_Low_Setpoint
brick_Cooling_Min_Discharge_Air_Flow_Setpoint,brick_Cooling_Min_Supply_Air_Flow_Setpoint
brick_AHU_CO2_Sensor,brick_AHU_CO2_Differential_Sensor
